ProdutoId,NomeInvestimento__c,DescricaoCarencia__c,DescricaoCotizacaoResgate__c,DescricaoCotizacaoResgate__c,DescricaoTributacaoProduto__c,DiasUteisParaResgate__c,FamiliaCarteira__c,FiltroValorMinimo__c,RentabilidadeAno__c,ResgateDias__c,RiscoAtivo__c,SaldoMinimoPermanencia__c,Inativo__c
a0W3u000009PBevEAG,EQUITAS SELECTION MÃO AMIGA FIC AÇÕES,Qualquer dia,30 dias corridos,30 dias corridos,"Incidirá no momento do resgate, à alíquota de 15% sobre o lucro obtido.",32 dias,Renda Variável,5000.0,4.00130035,Qualquer dia,5.0,1000.0,False
a0W3u000009PBfAEAW,EQUITAS SELECTION FIC FIA,Qualquer dia,30 dias corridos,30 dias corridos,"Incidirá no momento do resgate, à alíquota de 15% sobre o lucro obtido.",32 dias,Renda Variável,5000.0,1.33401602,Qualquer dia,5.0,1000.0,False
a0W3u000009PBlwEAG,TRIGONO FLAGSHIP SMALL CAPS FIC FIA,Qualquer dia,30 dias corridos,30 dias corridos,"Incidirá no momento do resgate, à alíquota de 15% sobre o lucro obtido.",32 dias,Renda Variável,500.0,11.32308654,Qualquer dia,5.0,500.0,False
a0W3u000009PBm6EAG,TRIGONO VERBIER  FIA,Qualquer dia,30 dias corridos,30 dias corridos,"Incidirá no momento do resgate, à alíquota de 15% sobre o lucro obtido.",32 dias,Renda Variável,500.0,8.17807263,Qualquer dia,5.0,500.0,False
a0W3u000009PCgiEAG,SQUADRA LONG-BIASED FIC FIA,Qualquer dia,60 dias corridos,60 dias corridos,"Incidirá no momento do resgate, à alíquota de 15% sobre o lucro obtido.",62 dias,Renda Variável,5000.0,6.9456953,Qualquer dia,5.0,5000.0,False
a0W3u000009PCjNEAW,SQUADRA LONG-ONLY FIC FIA,Qualquer dia,60 dias corridos,60 dias corridos,"Incidirá no momento do resgate, à alíquota de 15% sobre o lucro obtido.",62 dias,Renda Variável,5000.0,9.71380845,Qualquer dia,5.0,5000.0,False
a0W3u000009PCs3EAG,KIRON FIC FIA,Qualquer dia,30 dias corridos,30 dias corridos,"Incidirá no momento do resgate, à alíquota de 15% sobre o lucro obtido.",32 dias,Renda Variável,10000.0,1.28527737,Qualquer dia,5.0,10000.0,False
a0W3u000009PCs8EAG,KIRON INSTITUCIONAL FIA,Qualquer dia,60 dias corridos,60 dias corridos,"Incidirá no momento do resgate, à alíquota de 15% sobre o lucro obtido.",62 dias,Renda Variável,10000.0,3.96517611,Qualquer dia,5.0,10000.0,False
a0W3u000009PDsgEAG,KAPITALO ALPHA GLOBAL FIC FIM,Qualquer dia,30 dias corridos,30 dias corridos,"Tabela regressiva que
começa em 22,5% e chega em 15% após 2 anos. Sujeito a come-cotas, antecipação
de 15%, que incidirá no último dia útil dos meses de maio e novembro de cada
ano.",31 dias,Renda Fixa,25000.0,-0.65609068,Qualquer dia,4.0,10000.0,False
a0W3u000009PDzcEAG,FRANKLIN K2 ALTERNATIVE STRATEGIES FIC F,Qualquer dia,1 dia útil,1 dia útil,"Tabela regressiva que
começa em 22,5% e chega em 15% após 2 anos. Sujeito a come-cotas, antecipação
de 15%, que incidirá no último dia útil dos meses de maio e novembro de cada
ano.",6 dias,Renda Fixa,5000.0,0.70402727,Qualquer dia,4.0,0.0,False
a0W3u000009PE0GEAW,FRANKLIN VALOR E LIQUIDEZ FVL FIC FIA,Qualquer dia,1 dia útil,1 dia útil,"Incidirá no momento do resgate, à alíquota de 15% sobre o lucro obtido.",4 dias,Renda Variável,5000.0,1.68076057,Qualquer dia,5.0,1000.0,False
a0W3u000009PE4XEAW,PORTO SEGURO ALOCAÇÃO FIC FIM,Qualquer dia,32 dias corridos,32 dias corridos,"Tabela regressiva que
começa em 22,5% e chega em 15% após 2 anos. Sujeito a come-cotas, antecipação
de 15%, que incidirá no último dia útil dos meses de maio e novembro de cada
ano.",34 dias,Renda Fixa,1000.0,0.64557059,Qualquer dia,4.0,1000.0,False
a0W3u000009PE5LEAW,PORTO SEGURO MACRO FIC FIM,Qualquer dia,14 dias corridos,14 dias corridos,"Tabela regressiva que
começa em 22,5% e chega em 15% após 2 anos. Sujeito a come-cotas, antecipação
de 15%, que incidirá no último dia útil dos meses de maio e novembro de cada
ano.",15 dias,Renda Fixa,10000.0,-0.06942398,Qualquer dia,4.0,10000.0,False
a0W3u000009PE5fEAG,PORTO SEGURO CLÁSSICO RF FICFI LP,Qualquer dia,No dia,No dia,"Tabela regressiva que
começa em 22,5% e chega em 15% após 2 anos. Sujeito a come-cotas, antecipação
de 15%, que incidirá no último dia útil dos meses de maio e novembro de cada
ano.",1 dia,Renda Fixa,3000.0,0.55320016,Qualquer dia,3.0,1000.0,False
a0W3u000009PE6YEAW,PORTO SEGURO IMA-B5 FIC DE FI RF LP,Qualquer dia,No dia,No dia,"Tabela regressiva que
começa em 22,5% e chega em 15% após 2 anos. Sujeito a come-cotas, antecipação
de 15%, que incidirá no último dia útil dos meses de maio e novembro de cada
ano.",1 dia,Renda Fixa,5000.0,0.58633625,Qualquer dia,3.0,1000.0,False
a0W3u000009PE8yEAG,PORTO SEGURO SELECTA FIC FIA,Qualquer dia,15 dias corridos,15 dias corridos,"Incidirá no momento do resgate, à alíquota de 15% sobre o lucro obtido.",17 dias,Renda Variável,1000.0,1.94721516,Qualquer dia,5.0,0.0,False
a0W3u000009PE9DEAW,PORTO SEGURO FI RF REF DI CREDITO PRIVAD,Qualquer dia,No dia,No dia,"Tabela regressiva que
começa em 22,5% e chega em 15% após 2 anos. Sujeito a come-cotas, antecipação
de 15%, que incidirá no último dia útil dos meses de maio e novembro de cada
ano.",No Dia,Renda Fixa,1000.0,0.42702958,Qualquer dia,3.0,1000.0,False
a0W3u000009PE9IEAW,PORTO SEGURO JURO REAL FIC FI RF LP,Qualquer dia,No dia,No dia,"Tabela regressiva que
começa em 22,5% e chega em 15% após 2 anos. Sujeito a come-cotas, antecipação
de 15%, que incidirá no último dia útil dos meses de maio e novembro de cada
ano.",1 dia,Renda Fixa,5000.0,0.56040298,Qualquer dia,3.0,1000.0,False
a0W3u00000AdCOcEAN,REACH FUNDO DE INVESTIMENTO DE ACOES,Qualquer dia,30 dias corridos,30 dias corridos,"Incidirá no momento do resgate, à alíquota de 15% sobre o lucro obtido.",32 dias,Renda Variável,5000.0,0.71180676,Qualquer dia,5.0,1000.0,False
a0W3u00000AdCRlEAN,REACH TOTAL RETURN FIC FIA,Qualquer dia,30 dias corridos,30 dias corridos,"Incidirá no momento do resgate, à alíquota de 15% sobre o lucro obtido.",32 dias,Renda Variável,10000.0,2.46415068,Qualquer dia,5.0,10000.0,False
a0W3u00000AdCmFEAV,DLM HEDGE CONSERVADOR II FIRF CP,Qualquer dia,No dia,No dia,"Tabela regressiva que
começa em 22,5% e chega em 15% após 2 anos. Sujeito a come-cotas, antecipação
de 15%, que incidirá no último dia útil dos meses de maio e novembro de cada
ano.",1 dia,Renda Fixa,500.0,0.45247922,Qualquer dia,3.0,500.0,False
a0W3u00000AdCnhEAF,PERFIN FORESIGHT INSTITUCIONAL FIC FIA,Qualquer dia,30 dias corridos,30 dias corridos,"Incidirá no momento do resgate, à alíquota de 15% sobre o lucro obtido.",32 dias,Renda Variável,5000.0,3.2888664,Qualquer dia,5.0,1000.0,False
a0W3u00000AdCuTEAV,PERFIN EQUITY HEDGE 15 FIC FIM,Qualquer dia,15 dias corridos,15 dias corridos,"Tabela regressiva que
começa em 22,5% e chega em 15% após 2 anos. Sujeito a come-cotas, antecipação
de 15%, que incidirá no último dia útil dos meses de maio e novembro de cada
ano.",16 dias,Renda Fixa,5000.0,0.35211006,Qualquer dia,4.0,5000.0,False
a0W3u00000AdDrkEAF,GARDE DARTAGNAN FIC FIM,Qualquer dia,30 dias corridos,30 dias corridos,"Tabela regressiva que
começa em 22,5% e chega em 15% após 2 anos. Sujeito a come-cotas, antecipação
de 15%, que incidirá no último dia útil dos meses de maio e novembro de cada
ano.",31 dias,Renda Fixa,20000.0,-0.14520401,Qualquer dia,4.0,20000.0,False
a0W3u00000AdDrzEAF,GARDE ATHOS LONG BIASED FIC FIM,Qualquer dia,30 dias corridos,30 dias corridos,"Incidirá no momento do resgate, à alíquota de 15% sobre o lucro obtido.",32 dias,Renda Fixa,20000.0,2.68791889,Qualquer dia,5.0,20000.0,False
a0W3u00000AdDsOEAV,CA INDOSUEZ AGILITÉ FIRF CP,Qualquer dia,4 dias úteis,4 dias úteis,"Tabela regressiva que
começa em 22,5% e chega em 15% após 2 anos. Sujeito a come-cotas, antecipação
de 15%, que incidirá no último dia útil dos meses de maio e novembro de cada
ano.",5 dias,Renda Fixa,1000.0,0.34250404,Qualquer dia,3.0,1000.0,False
a0W3u00000AdDtWEAV,CA INDOSUEZ ALLOCATION ACTION FIC FIA,Qualquer dia,31 dias corridos,31 dias corridos,"Incidirá no momento do resgate, à alíquota de 15% sobre o lucro obtido.",33 dias,Renda Variável,1000.0,1.93662524,Qualquer dia,5.0,1000.0,False
a0W3u00000AdDutEAF,CA INDOSUEZ AVANT GARDE FEEDER 1 FIC FIM,Qualquer dia,90 dias corridos,90 dias corridos,"Tabela regressiva que
começa em 22,5% e chega em 15% após 2 anos. Sujeito a come-cotas, antecipação
de 15%, que incidirá no último dia útil dos meses de maio e novembro de cada
ano.",91 dias,Renda Fixa,1000.0,0.4640868,Qualquer dia,4.0,1000.0,False
a0W3u00000AdEEoEAN,CA INDOSUEZ BÉTON FIC FIM,Qualquer dia,30 dias úteis,30 dias úteis,"Tabela regressiva que
começa em 22,5% e chega em 15% após 2 anos. Sujeito a come-cotas, antecipação
de 15%, que incidirá no último dia útil dos meses de maio e novembro de cada
ano.",31 dias,Renda Fixa,10000.0,1.76682077,Qualquer dia,4.0,1000.0,False
a0W3u00000AdEFNEA3,CA INDOSUEZ DI MASTER FIRF REF. DI LP,Qualquer dia,No dia,No dia,"Tabela regressiva que
começa em 22,5% e chega em 15% após 2 anos. Sujeito a come-cotas, antecipação
de 15%, que incidirá no último dia útil dos meses de maio e novembro de cada
ano.",No Dia,Renda Fixa,1000.0,0.34982188,Qualquer dia,2.0,1000.0,False
a0W3u00000AdEFmEAN,CA INDOSUEZ GRAND VITESSE FIRF CP,Qualquer dia,30 dias corridos,30 dias corridos,"Tabela regressiva que
começa em 22,5% e chega em 15% após 2 anos. Sujeito a come-cotas, antecipação
de 15%, que incidirá no último dia útil dos meses de maio e novembro de cada
ano.",31 dias,Renda Fixa,1000.0,0.33820327,Qualquer dia,4.0,1000.0,False
a0W3u00000AdEGBEA3,CA INDOSUEZ VITESSE FIRF CP,Qualquer dia,30 dias corridos,30 dias corridos,"Tabela regressiva que
começa em 22,5% e chega em 15% após 2 anos. Sujeito a come-cotas, antecipação
de 15%, que incidirá no último dia útil dos meses de maio e novembro de cada
ano.",31 dias,Renda Fixa,1000.0,0.42259599,Qualquer dia,3.0,1000.0,False
a0W3u00000AdEYCEA3,NAVI LONG BIASED FIC FIM,Qualquer dia,60 dias corridos,60 dias corridos,"Incidirá no momento do resgate, à alíquota de 15% sobre o lucro obtido.",62 dias,Renda Fixa,5000.0,-1.4868049,Qualquer dia,5.0,5000.0,False
a0W3u00000AdFaXEAV,RB CAPITAL VITORIA DEB INCENTIVADAS FIC,Qualquer dia,4 dias úteis,4 dias úteis,Isento do pagamento de imposto de renda.,5 dias,Renda Fixa,100.0,0.48348429,Qualquer dia,4.0,100.0,False
a0W3u00000AdFb1EAF,RB CAPITAL DEB INCENTIVADAS FIC FIM CP,Qualquer dia,20 dias corridos,20 dias corridos,Isento do pagamento de imposto de renda.,21 dias,Renda Fixa,1000.0,0.46826919,Qualquer dia,4.0,1000.0,False
a0W3u00000AdFiHEAV,NOVUS CAPITAL MACRO FIC FIM,Qualquer dia,30 dias corridos,30 dias corridos,"Tabela regressiva que
começa em 22,5% e chega em 15% após 2 anos. Sujeito a come-cotas, antecipação
de 15%, que incidirá no último dia útil dos meses de maio e novembro de cada
ano.",31 dias,Renda Fixa,5000.0,-1.57132675,Qualquer dia,4.0,1000.0,False
a0W3u00000AdFiREAV,NOVUS INSTITUCIONAL FIC FIM,Qualquer dia,No dia,No dia,"Tabela regressiva que
começa em 22,5% e chega em 15% após 2 anos. Sujeito a come-cotas, antecipação
de 15%, que incidirá no último dia útil dos meses de maio e novembro de cada
ano.",1 dia,Renda Fixa,1000.0,0.18441288,Qualquer dia,3.0,1000.0,False
a0W3u00000AdFwxEAF,NOVUS AÇÕES INSTITUCIONAL FIC FIA,Qualquer dia,7 dias úteis,7 dias úteis,"Incidirá no momento do resgate, à alíquota de 15% sobre o lucro obtido.",9 dias,Renda Variável,5000.0,3.0815622000000005,Qualquer dia,5.0,1000.0,False
a0W3u00000AdFxlEAF,HIX CAPITAL INSTITUCIONAL FIA,Qualquer dia,60 dias corridos,60 dias corridos,"Incidirá no momento do resgate, à alíquota de 15% sobre o lucro obtido.",62 dias,Renda Variável,10000.0,4.32504944,Qualquer dia,5.0,10000.0,False
a0W3u00000AdGFTEA3,AZ QUEST EQUITY HEDGE FIC FIM,Qualquer dia,5 dias corridos,5 dias corridos,"Tabela regressiva que
começa em 22,5% e chega em 15% após 2 anos. Sujeito a come-cotas, antecipação
de 15%, que incidirá no último dia útil dos meses de maio e novembro de cada
ano.",6 dias,Renda Fixa,1000.0,1.09718568,Qualquer dia,3.0,1000.0,False
a0W3u00000AdGFdEAN,AZ QUEST YIELD FIC FIRF LP,Qualquer dia,No dia,No dia,"Tabela regressiva que
começa em 22,5% e chega em 15% após 2 anos. Sujeito a come-cotas, antecipação
de 15%, que incidirá no último dia útil dos meses de maio e novembro de cada
ano.",1 dia,Renda Fixa,10000.0,0.55202555,Qualquer dia,2.0,10000.0,False
a0W3u00000AdGGREA3,AZ QUEST VALORE FIRF CP,Qualquer dia,4 dias corridos,4 dias corridos,"Tabela regressiva que
começa em 22,5% e chega em 15% após 2 anos. Sujeito a come-cotas, antecipação
de 15%, que incidirá no último dia útil dos meses de maio e novembro de cada
ano.",5 dias,Renda Fixa,5000.0,0.41280307,Qualquer dia,4.0,300.0,False
a0W3u00000AdGGqEAN,AZ QUEST AÇÕES FIC FIA,Qualquer dia,1 dia útil,1 dia útil,"Incidirá no momento do resgate, à alíquota de 15% sobre o lucro obtido.",3 dias,Renda Variável,1000.0,2.82804536,Qualquer dia,5.0,1000.0,False
a0W3u00000AdGTbEAN,ICATU VANGUARDA FIC FI INFLAÇÃO CURTA RF,Qualquer dia,No dia,No dia,"Tabela regressiva que
começa em 22,5% e chega em 15% após 2 anos. Sujeito a come-cotas, antecipação
de 15%, que incidirá no último dia útil dos meses de maio e novembro de cada
ano.",1 dia,Renda Fixa,5000.0,0.62373027,Qualquer dia,4.0,1000.0,False
a0W3u00000AdGbzEAF,ICATU VANGUARDA RF FI PLUS LP,Qualquer dia,No dia,No dia,"Tabela regressiva que
começa em 22,5% e chega em 15% após 2 anos. Sujeito a come-cotas, antecipação
de 15%, que incidirá no último dia útil dos meses de maio e novembro de cada
ano.",1 dia,Renda Fixa,500.0,0.55153547,Qualquer dia,2.0,500.0,False
a0W3u00000AdGc4EAF,ICATU VANGUARDA MACRO FIM,Qualquer dia,3 dias úteis,3 dias úteis,"Tabela regressiva que
começa em 22,5% e chega em 15% após 2 anos. Sujeito a come-cotas, antecipação
de 15%, que incidirá no último dia útil dos meses de maio e novembro de cada
ano.",4 dias,Renda Fixa,5000.0,0.16018463,Qualquer dia,3.0,5000.0,False
a0W3u00000AdGc9EAF,ICATU VANGUARDA AÇÕES IBX FI,Qualquer dia,1 dia útil,1 dia útil,"Incidirá no momento do resgate, à alíquota de 15% sobre o lucro obtido.",3 dias,Renda Variável,20000.0,0.15152387,Qualquer dia,5.0,500.0,False
a0W3u00000AdGcxEAF,ICATU VANGUARDA PRÉ-FIXADO FIRF LP,Qualquer dia,No dia,No dia,"Tabela regressiva que
começa em 22,5% e chega em 15% após 2 anos. Sujeito a come-cotas, antecipação
de 15%, que incidirá no último dia útil dos meses de maio e novembro de cada
ano.",1 dia,Renda Fixa,5000.0,1.68296021,Qualquer dia,4.0,1000.0,False
a0W3u00000AdGdCEAV,ICATU VANGUARDA FIC FI INFLAÇÃO LONGA RF,Qualquer dia,No dia,No dia,"Tabela regressiva que
começa em 22,5% e chega em 15% após 2 anos. Sujeito a come-cotas, antecipação
de 15%, que incidirá no último dia útil dos meses de maio e novembro de cada
ano.",1 dia,Renda Fixa,5000.0,0.50665849,Qualquer dia,5.0,1000.0,False
a0W3u00000AdGdREAV,ICATU VANGUARDA FIRF INFLAÇÃO CP LP,Qualquer dia,5 dias úteis,5 dias úteis,"Tabela regressiva que
começa em 22,5% e chega em 15% após 2 anos. Sujeito a come-cotas, antecipação
de 15%, que incidirá no último dia útil dos meses de maio e novembro de cada
ano.",6 dias,Renda Fixa,500.0,1.07003106,Qualquer dia,5.0,500.0,False
a0W3u00000AdGe0EAF,TRUXT I VALOR FIC FIA,Qualquer dia,30 dias corridos,30 dias corridos,"Incidirá no momento do resgate, à alíquota de 15% sobre o lucro obtido.",32 dias,Renda Variável,20000.0,7.14071742,Qualquer dia,5.0,20000.0,False
a0W3u00000AdGgBEAV,TRUXT I MACRO FIC FIM,Qualquer dia,30 dias corridos,30 dias corridos,"Tabela regressiva que
começa em 22,5% e chega em 15% após 2 anos. Sujeito a come-cotas, antecipação
de 15%, que incidirá no último dia útil dos meses de maio e novembro de cada
ano.",31 dias,Renda Fixa,20000.0,-0.98123235,Qualquer dia,4.0,20000.0,False
a0W3u00000AdGgQEAV,TRUXT I VALOR INSTITUCIONAL FIC FIA,Qualquer dia,30 dias corridos,30 dias corridos,"Incidirá no momento do resgate, à alíquota de 15% sobre o lucro obtido.",32 dias,Renda Variável,20000.0,7.56650669,Qualquer dia,5.0,20000.0,False
a0W3u00000AdGoWEAV,SPARTA TOP FIC FIRF CP LP,Qualquer dia,30 dias corridos,30 dias corridos,"Tabela regressiva que
começa em 22,5% e chega em 15% após 2 anos. Sujeito a come-cotas, antecipação
de 15%, que incidirá no último dia útil dos meses de maio e novembro de cada
ano.",32 dias,Renda Fixa,5000.0,0.46518546,Qualquer dia,4.0,3000.0,False
a0W3u00000AdGobEAF,SPARTA PREMIUM FIC FIRF REFERENCIADO DI,Qualquer dia,No dia,No dia,"Tabela regressiva que
começa em 22,5% e chega em 15% após 2 anos. Sujeito a come-cotas, antecipação
de 15%, que incidirá no último dia útil dos meses de maio e novembro de cada
ano.",No Dia,Renda Fixa,1000.0,0.37466195,Qualquer dia,3.0,1000.0,False
a0W3u00000AdGogEAF,SPARTA MAX FIC FIRF CP LP,Qualquer dia,30 dias corridos,30 dias corridos,"Tabela regressiva que
começa em 22,5% e chega em 15% após 2 anos. Sujeito a come-cotas, antecipação
de 15%, que incidirá no último dia útil dos meses de maio e novembro de cada
ano.",32 dias,Renda Fixa,5000.0,0.5426141999999999,Qualquer dia,4.0,3000.0,False
a0W3u00000AdGp5EAF,SPARTA DEBENTURES INCENTIVADAS II FIC RF,Qualquer dia,30 dias corridos,30 dias corridos,Isento do pagamento de imposto de renda.,32 dias,Renda Fixa,5000.0,0.68700671,Qualquer dia,4.0,3000.0,False
a0W3u00000AdGuAEAV,NOVUS RETORNO ABSOLUTO FIC FIM,Qualquer dia,30 dias corridos,30 dias corridos,"Incidirá no momento do resgate, à alíquota de 15% sobre o lucro obtido.",32 dias,Renda Fixa,5000.0,-2.52671545,Qualquer dia,5.0,5000.0,False
a0W3u00000AdGvIEAV,CANVAS DAKAR LONG BIAS FIC FIM,Qualquer dia,29 dias corridos,29 dias corridos,"Incidirá no momento do resgate, à alíquota de 15% sobre o lucro obtido.",32 dias,Renda Fixa,5000.0,-1.95563769,Qualquer dia,5.0,1000.0,False
a0W3u00000AdGwLEAV,CANVAS VECTOR FIC FIM,Qualquer dia,29 dias corridos,29 dias corridos,"Tabela regressiva que
começa em 22,5% e chega em 15% após 2 anos. Sujeito a come-cotas, antecipação
de 15%, que incidirá no último dia útil dos meses de maio e novembro de cada
ano.",30 dias,Renda Fixa,5000.0,4.65333596,Qualquer dia,4.0,5000.0,False
a0W3u00000AdGwVEAV,CANVAS ENDURO II FIC FIM,Qualquer dia,29 dias corridos,29 dias corridos,"Tabela regressiva que
começa em 22,5% e chega em 15% após 2 anos. Sujeito a come-cotas, antecipação
de 15%, que incidirá no último dia útil dos meses de maio e novembro de cada
ano.",30 dias,Renda Fixa,5000.0,-1.05702173,Qualquer dia,4.0,5000.0,False
a0W3u00000AdGwkEAF,CANVAS CLASSIC II FIC FIM,Qualquer dia,29 dias corridos,29 dias corridos,"Tabela regressiva que
começa em 22,5% e chega em 15% após 2 anos. Sujeito a come-cotas, antecipação
de 15%, que incidirá no último dia útil dos meses de maio e novembro de cada
ano.",30 dias,Renda Fixa,5000.0,-0.64547055,Qualquer dia,4.0,5000.0,False
a0W3u00000AdGx9EAF,STUDIO FIC FIA,Qualquer dia,10 dias úteis,10 dias úteis,"Incidirá no momento do resgate, à alíquota de 15% sobre o lucro obtido.",12 dias,Renda Variável,5000.0,0.67543388,Qualquer dia,5.0,5000.0,False
a0W3u00000AdGxEEAV,STUDIO 30 FIC FIA,Qualquer dia,30 dias corridos,30 dias corridos,"Incidirá no momento do resgate, à alíquota de 15% sobre o lucro obtido.",32 dias,Renda Variável,5000.0,2.32946628,Qualquer dia,5.0,5000.0,False
a0W3u00000AdGztEAF,MÓDULO I FIC FIA,Qualquer dia,30 dias corridos,30 dias corridos,"Incidirá no momento do resgate, à alíquota de 15% sobre o lucro obtido.",32 dias,Renda Variável,5000.0,3.2171377,Qualquer dia,5.0,5000.0,False
a0W3u00000AdH5SEAV,MÓDULO INSTITUCIONAL FIC FIA BDR NÍVEL I,Qualquer dia,27 dias corridos,27 dias corridos,"Incidirá no momento do resgate, à alíquota de 15% sobre o lucro obtido.",29 dias,Renda Variável,5000.0,2.73762591,Qualquer dia,5.0,5000.0,False
a0W3u00000AdH6BEAV,VERDE AM UNIQUE LONG BIAS FIC FIA,Qualquer dia,29 dias corridos,29 dias corridos,"Incidirá no momento do resgate, à alíquota de 15% sobre o lucro obtido.",31 dias,Renda Variável,10000.0,-0.37750873,Qualquer dia,5.0,10000.0,False
a0W3u00000AdHICEA3,VINLAND LONG ONLY FIC FIA,Qualquer dia,14 dias corridos,14 dias corridos,"Incidirá no momento do resgate, à alíquota de 15% sobre o lucro obtido.",16 dias,Renda Variável,5000.0,2.0062869,Qualquer dia,5.0,5000.0,False
a0W3u00000AdHIMEA3,VINLAND MACRO FIC FIM,Qualquer dia,30 dias corridos,30 dias corridos,"Tabela regressiva que
começa em 22,5% e chega em 15% após 2 anos. Sujeito a come-cotas, antecipação
de 15%, que incidirá no último dia útil dos meses de maio e novembro de cada
ano.",31 dias,Renda Fixa,10000.0,0.59046579,Qualquer dia,4.0,5000.0,False
a0W3u00000AdHIREA3,VINLAND LONG BIAS FIC FIM,Qualquer dia,30 dias corridos,30 dias corridos,"Incidirá no momento do resgate, à alíquota de 15% sobre o lucro obtido.",32 dias,Renda Fixa,10000.0,3.05124918,Qualquer dia,5.0,5000.0,False
a0W3u00000AdHIgEAN,VINTAGE MACRO PLATAFORMAS FIC FIM,Qualquer dia,30 dias corridos,30 dias corridos,"Tabela regressiva que
começa em 22,5% e chega em 15% após 2 anos. Sujeito a come-cotas, antecipação
de 15%, que incidirá no último dia útil dos meses de maio e novembro de cada
ano.",31 dias,Renda Fixa,5000.0,-0.76873188,Qualquer dia,4.0,5000.0,False
a0W3u00000AdHJtEAN,RIO BRAVO APOLLO FIC FIM,Qualquer dia,15 dias corridos,15 dias corridos,"Tabela regressiva que
começa em 22,5% e chega em 15% após 2 anos. Sujeito a come-cotas, antecipação
de 15%, que incidirá no último dia útil dos meses de maio e novembro de cada
ano.",16 dias,Renda Fixa,5000.0,-0.64980778,Qualquer dia,4.0,5000.0,False
a0W3u00000AdHK3EAN,RIO BRAVO CRÉDITO PRIVADO FIRF,Qualquer dia,No dia,No dia,"Tabela regressiva que
começa em 22,5% e chega em 15% após 2 anos. Sujeito a come-cotas, antecipação
de 15%, que incidirá no último dia útil dos meses de maio e novembro de cada
ano.",1 dia,Renda Fixa,1000.0,0.50066246,Qualquer dia,3.0,1000.0,False
a0W3u00000AdHSHEA3,ABSOLUTE PACE LONG BIASED FIC FIA,Qualquer dia,30 dias corridos,30 dias corridos,"Incidirá no momento do resgate, à alíquota de 15% sobre o lucro obtido.",32 dias,Renda Variável,5000.0,1.6650596999999998,Qualquer dia,5.0,3000.0,False
a0W3u00000AdHSREA3,ABSOLUTE HEDGE FIC FIM,Qualquer dia,4 dias corridos,4 dias corridos,"Tabela regressiva que
começa em 22,5% e chega em 15% após 2 anos. Sujeito a come-cotas, antecipação
de 15%, que incidirá no último dia útil dos meses de maio e novembro de cada
ano.",5 dias,Renda Fixa,5000.0,0.75536752,Qualquer dia,3.0,3000.0,False
a0W3u00000AdHWyEAN,MOAT CAPITAL FIC FIA,Qualquer dia,15 dias corridos,15 dias corridos,"Incidirá no momento do resgate, à alíquota de 15% sobre o lucro obtido.",18 dias,Renda Variável,20000.0,0.00218193,Qualquer dia,5.0,20000.0,False
a0W3u00000AdHYkEAN,MOAT CAPITAL EQUITY HEDGE FIC FIM,Qualquer dia,30 dias úteis,30 dias úteis,"Tabela regressiva que
começa em 22,5% e chega em 15% após 2 anos. Sujeito a come-cotas, antecipação
de 15%, que incidirá no último dia útil dos meses de maio e novembro de cada
ano.",31 dias,Renda Fixa,20000.0,-0.76742076,Qualquer dia,4.0,20000.0,False
a0W3u00000AdHaWEAV,SAFARI 45 FIC FIM II,Qualquer dia,42 dias corridos,42 dias corridos,"Incidirá no momento do resgate, à alíquota de 15% sobre o lucro obtido.",44 dias,Renda Fixa,5000.0,4.48535152,Qualquer dia,5.0,5000.0,False
a0W3u00000AdHagEAF,PAINEIRAS HEDGE II FIC FIM,Qualquer dia,30 dias corridos,30 dias corridos,"Tabela regressiva que
começa em 22,5% e chega em 15% após 2 anos. Sujeito a come-cotas, antecipação
de 15%, que incidirá no último dia útil dos meses de maio e novembro de cada
ano.",31 dias,Renda Fixa,10000.0,-0.57702604,Qualquer dia,4.0,10000.0,False
a0W3u00000AdHikEAF,JGP DEBÊNTURES INCENTIVADAS FIC FIRF CP,Qualquer dia,45 dias corridos,45 dias corridos,Isento do pagamento de imposto de renda.,46 dias,Renda Fixa,20000.0,0.82826609,Qualquer dia,4.0,5000.0,False
a0W3u00000AdHizEAF,IP VALUE HEDGE FIC FIA BDR NÍVEL I,Qualquer dia,30 dias corridos,30 dias corridos,"Incidirá no momento do resgate, à alíquota de 15% sobre o lucro obtido.",32 dias,Renda Variável,1000.0,0.67372343,Qualquer dia,5.0,1000.0,False
a0W3u00000AdHlKEAV,MILES VIRTUS B FIC FIA,Qualquer dia,30 dias úteis,30 dias úteis,"Incidirá no momento do resgate, à alíquota de 15% sobre o lucro obtido.",32 dias,Renda Variável,5000.0,2.34390182,Qualquer dia,5.0,1000.0,False
a0W3u00000AdJjVEAV,DEVANT AUDAX FIM CP,Qualquer dia,30 dias corridos,30 dias corridos,"Tabela regressiva que
começa em 22,5% e chega em 15% após 2 anos. Sujeito a come-cotas, antecipação
de 15%, que incidirá no último dia útil dos meses de maio e novembro de cada
ano.",31 dias,Renda Fixa,1000.0,1.08919829,Qualquer dia,4.0,1000.0,False
a0W3u00000AdJk9EAF,DEVANT DEBÊNTURES INCENTIVADAS FIRF CP,Qualquer dia,30 dias corridos,30 dias corridos,Isento do pagamento de imposto de renda.,31 dias,Renda Fixa,100.0,0.50958757,Qualquer dia,4.0,100.0,False
a0W3u00000AdJkEEAV,DEVANT SOLIDUS CASH FIRF CP,Qualquer dia,No dia,No dia,"Tabela regressiva que
começa em 22,5% e chega em 15% após 2 anos. Sujeito a come-cotas, antecipação
de 15%, que incidirá no último dia útil dos meses de maio e novembro de cada
ano.",No Dia,Renda Fixa,100.0,0.50394545,Qualquer dia,3.0,100.0,False
a0W3u00000AdJt1EAF,IRIDIUM TITAN FIC FIRF CP,Qualquer dia,30 dias corridos,30 dias corridos,"Tabela regressiva que
começa em 22,5% e chega em 15% após 2 anos. Sujeito a come-cotas, antecipação
de 15%, que incidirá no último dia útil dos meses de maio e novembro de cada
ano.",31 dias,Renda Fixa,5000.0,0.51122007,Qualquer dia,4.0,5000.0,False
a0W3u00000AdJt6EAF,IRIDIUM PIONEER DEB INCENTIVADAS FIRF CP,Qualquer dia,30 dias corridos,30 dias corridos,Isento do pagamento de imposto de renda.,31 dias,Renda Fixa,5000.0,0.34147144,Qualquer dia,5.0,5000.0,False
a0W3u00000AdJtBEAV,IRIDIUM APOLLO FIRF CP LP,Qualquer dia,No dia,No dia,"Tabela regressiva que
começa em 22,5% e chega em 15% após 2 anos. Sujeito a come-cotas, antecipação
de 15%, que incidirá no último dia útil dos meses de maio e novembro de cada
ano.",1 dia,Renda Fixa,1000.0,0.49445919,Qualquer dia,3.0,1000.0,False
a0W3u00000AdKAqEAN,ATLAS ONE FIC FIA,Qualquer dia,30 dias corridos,30 dias corridos,"Incidirá no momento do resgate, à alíquota de 15% sobre o lucro obtido.",32 dias,Renda Variável,5000.0,4.32803724,Qualquer dia,5.0,5000.0,False
a0W3u00000AdKNzEAN,IBIUNA EQUITIES 30 FIC FIA,Qualquer dia,30 dias corridos,30 dias corridos,"Incidirá no momento do resgate, à alíquota de 15% sobre o lucro obtido.",32 dias,Renda Variável,10000.0,3.52221653,Qualquer dia,5.0,10000.0,False
a0W3u00000AdKOYEA3,IBIUNA LONG BIASED FIC FIM,Qualquer dia,30 dias corridos,30 dias corridos,"Incidirá no momento do resgate, à alíquota de 15% sobre o lucro obtido.",32 dias,Renda Fixa,5000.0,3.64010695,Qualquer dia,5.0,5000.0,False
a0W3u00000AdKOdEAN,IBIUNA HEDGE STH FIC FIM,Qualquer dia,30 dias corridos,30 dias corridos,"Tabela regressiva que
começa em 22,5% e chega em 15% após 2 anos. Sujeito a come-cotas, antecipação
de 15%, que incidirá no último dia útil dos meses de maio e novembro de cada
ano.",31 dias,Renda Fixa,5000.0,0.48862833,Qualquer dia,5.0,5000.0,False
a0W3u00000AdKOiEAN,IBIUNA HEDGE FIC FIM,Qualquer dia,30 dias corridos,30 dias corridos,"Tabela regressiva que
começa em 22,5% e chega em 15% após 2 anos. Sujeito a come-cotas, antecipação
de 15%, que incidirá no último dia útil dos meses de maio e novembro de cada
ano.",31 dias,Renda Fixa,5000.0,0.34546088,Qualquer dia,4.0,5000.0,False
a0W3u00000AdKOsEAN,GAP ABSOLUTO FIC FIM,Qualquer dia,30 dias corridos,30 dias corridos,"Tabela regressiva que
começa em 22,5% e chega em 15% após 2 anos. Sujeito a come-cotas, antecipação
de 15%, que incidirá no último dia útil dos meses de maio e novembro de cada
ano.",31 dias,Renda Fixa,5000.0,-0.81916603,Qualquer dia,4.0,5000.0,False
a0W3u00000AdKZREA3,FAMA FIC FIA,Qualquer dia,57 dias corridos,57 dias corridos,"Incidirá no momento do resgate, à alíquota de 15% sobre o lucro obtido.",59 dias,Renda Variável,5000.0,3.78781259,Qualquer dia,5.0,5000.0,False
a0W3u00000AdKZqEAN,GUEPARDO INSTITUCIONAL FIC FIA,Qualquer dia,30 dias corridos,30 dias corridos,"Incidirá no momento do resgate, à alíquota de 15% sobre o lucro obtido.",32 dias,Renda Variável,5000.0,7.14912399,Qualquer dia,5.0,5000.0,False
a0W3u00000AdKZvEAN,GUEPARDO ALLOCATION FIC FIA,Qualquer dia,30 dias corridos,30 dias corridos,"Incidirá no momento do resgate, à alíquota de 15% sobre o lucro obtido.",32 dias,Renda Variável,5000.0,6.41676891,Qualquer dia,5.0,5000.0,False
a0W3u00000AdKeHEAV,INDIE FIC FIA,Qualquer dia,30 dias corridos,30 dias corridos,"Incidirá no momento do resgate, à alíquota de 15% sobre o lucro obtido.",32 dias,Renda Variável,5000.0,4.72032133,Qualquer dia,5.0,1000.0,False
a0W3u00000AdKfUEAV,VISTA MULTIESTRATÉGIA FIM,Qualquer dia,15 dias corridos,15 dias corridos,"Tabela regressiva que
começa em 22,5% e chega em 15% após 2 anos. Sujeito a come-cotas, antecipação
de 15%, que incidirá no último dia útil dos meses de maio e novembro de cada
ano.",16 dias,Renda Fixa,5000.0,-8.38235249,Qualquer dia,4.0,3000.0,False
a0W3u00000AdKfeEAF,VISTA HEDGE FIM,Qualquer dia,15 dias corridos,15 dias corridos,"Tabela regressiva que
começa em 22,5% e chega em 15% após 2 anos. Sujeito a come-cotas, antecipação
de 15%, que incidirá no último dia útil dos meses de maio e novembro de cada
ano.",16 dias,Renda Fixa,5000.0,-2.68496729,Qualquer dia,4.0,3000.0,False
a0W3u00000AdKg3EAF,VISTA FIA,Qualquer dia,15 dias corridos,15 dias corridos,"Incidirá no momento do resgate, à alíquota de 15% sobre o lucro obtido.",17 dias,Renda Variável,5000.0,-0.53701858,Qualquer dia,5.0,3000.0,False
a0W3u00000AdKoMEAV,STK LONG ONLY INSTITUCIONAL FIA,Qualquer dia,30 dias corridos,30 dias corridos,"Incidirá no momento do resgate, à alíquota de 15% sobre o lucro obtido.",32 dias,Renda Variável,10000.0,2.89517991,Qualquer dia,5.0,5000.0,False
a0W3u00000AdKoWEAV,STK LONG BIASED FIC FIA,Qualquer dia,45 dias corridos,45 dias corridos,"Incidirá no momento do resgate, à alíquota de 15% sobre o lucro obtido.",47 dias,Renda Variável,10000.0,4.22021458,Qualquer dia,5.0,5000.0,False
a0W3u00000AdKwBEAV,SHARP EQUITY VALUE FEEDER FIC FIA,Qualquer dia,30 dias corridos,30 dias corridos,"Incidirá no momento do resgate, à alíquota de 15% sobre o lucro obtido.",32 dias,Renda Variável,20000.0,6.60570154,Qualquer dia,5.0,5000.0,False
a0W3u00000AdKwaEAF,SHARP EQUITY VALUE INSTITUCIONAL FIA,Qualquer dia,30 dias corridos,30 dias corridos,"Incidirá no momento do resgate, à alíquota de 15% sobre o lucro obtido.",32 dias,Renda Variável,20000.0,7.00626936,Qualquer dia,5.0,5000.0,False
a0W3u00000AdL7sEAF,CARDINAL PARTNERS FIA,Qualquer dia,60 dias corridos,60 dias corridos,"Incidirá no momento do resgate, à alíquota de 15% sobre o lucro obtido.",62 dias,Renda Variável,5000.0,0.12221596,Qualquer dia,5.0,5000.0,False
a0W3u00000AdL87EAF,ICATU VANGUARDA CP FIRF LP,Qualquer dia,No dia,No dia,"Tabela regressiva que
começa em 22,5% e chega em 15% após 2 anos. Sujeito a come-cotas, antecipação
de 15%, que incidirá no último dia útil dos meses de maio e novembro de cada
ano.",1 dia,Renda Fixa,500.0,0.53223048,Qualquer dia,3.0,500.0,False
a0W3u00000AdLF8EAN,GTI DIMONA BRASIL FIA,Qualquer dia,15 dias corridos,15 dias corridos,"Incidirá no momento do resgate, à alíquota de 15% sobre o lucro obtido.",17 dias,Renda Variável,1000.0,2.10403979,Qualquer dia,5.0,1000.0,False
a0W3u00000AdLFDEA3,LUMINUS FIA,Qualquer dia,31 dias corridos,31 dias corridos,"Incidirá no momento do resgate, à alíquota de 15% sobre o lucro obtido.",33 dias,Renda Variável,5000.0,3.23072001,Qualquer dia,5.0,5000.0,False
a0W3u00000AdLQ6EAN,NEST FIA,Qualquer dia,1 dia útil,1 dia útil,"Incidirá no momento do resgate, à alíquota de 15% sobre o lucro obtido.",3 dias,Renda Variável,1000.0,-0.0527578,Qualquer dia,5.0,1000.0,False
a0W3u00000AdLgkEAF,AF INVEST FIRF CP GERAES,Qualquer dia,No dia,No dia,"Tabela regressiva que
começa em 22,5% e chega em 15% após 2 anos. Sujeito a come-cotas, antecipação
de 15%, que incidirá no último dia útil dos meses de maio e novembro de cada
ano.",1 dia,Renda Fixa,5000.0,0.45498474,Qualquer dia,3.0,500.0,False
a0W3u00000AdLnREAV,AF INVEST GERAES 30 FIRF CP,Qualquer dia,30 dias corridos,30 dias corridos,"Tabela regressiva que
começa em 22,5% e chega em 15% após 2 anos. Sujeito a come-cotas, antecipação
de 15%, que incidirá no último dia útil dos meses de maio e novembro de cada
ano.",31 dias,Renda Fixa,5000.0,0.48420561,Qualquer dia,4.0,500.0,False
a0W3u00000AdLnWEAV,AF INVEST MINAS FIA,Qualquer dia,10 dias corridos,10 dias corridos,"Incidirá no momento do resgate, à alíquota de 15% sobre o lucro obtido.",12 dias,Renda Variável,5000.0,3.84529527,Qualquer dia,5.0,3000.0,False
a0W3u00000AdMSVEA3,AZ QUEST ALTRO FIC FIM CP,Qualquer dia,44 dias corridos,44 dias corridos,"Tabela regressiva que
começa em 22,5% e chega em 15% após 2 anos. Sujeito a come-cotas, antecipação
de 15%, que incidirá no último dia útil dos meses de maio e novembro de cada
ano.",45 dias,Renda Fixa,5000.0,0.55958436,Qualquer dia,4.0,1000.0,False
a0W3u00000AdMTJEA3,AZ QUEST AZIMUT IMPACTO FIC FIM CP,Qualquer dia,5 dias úteis,5 dias úteis,"Tabela regressiva que
começa em 22,5% e chega em 15% após 2 anos. Sujeito a come-cotas, antecipação
de 15%, que incidirá no último dia útil dos meses de maio e novembro de cada
ano.",6 dias,Renda Fixa,1000.0,0.63558201,Qualquer dia,3.0,500.0,False
a0W3u00000AdMUCEA3,AZ QUEST DEB INCENTIVADAS FIC FIM CP,Qualquer dia,29 dias corridos,29 dias corridos,Isento do pagamento de imposto de renda.,30 dias,Renda Fixa,5000.0,0.96912568,Qualquer dia,4.0,5000.0,False
a0W3u00000AdMUbEAN,AZ QUEST TOP LONG BIASED FIC FIA,Qualquer dia,30 dias corridos,30 dias corridos,"Incidirá no momento do resgate, à alíquota de 15% sobre o lucro obtido.",32 dias,Renda Variável,10000.0,8.09401616,Qualquer dia,5.0,10000.0,False
a0W3u00000AdMZREA3,AZ QUEST LUCE FIC FIRF CP LP,Qualquer dia,No dia,No dia,"Tabela regressiva que
começa em 22,5% e chega em 15% após 2 anos. Sujeito a come-cotas, antecipação
de 15%, que incidirá no último dia útil dos meses de maio e novembro de cada
ano.",1 dia,Renda Fixa,500.0,0.49963182,Qualquer dia,3.0,500.0,False
a0W3u00000AdMatEAF,AZ QUEST MULTI MAX FIC FIM,Qualquer dia,29 dias corridos,29 dias corridos,"Tabela regressiva que
começa em 22,5% e chega em 15% após 2 anos. Sujeito a come-cotas, antecipação
de 15%, que incidirá no último dia útil dos meses de maio e novembro de cada
ano.",30 dias,Renda Fixa,10000.0,1.66658045,Qualquer dia,5.0,1000.0,False
a0W3u00000AdMbNEAV,AZ QUEST MULTI 15 FIC FIM,Qualquer dia,14 dias corridos,14 dias corridos,"Tabela regressiva que
começa em 22,5% e chega em 15% após 2 anos. Sujeito a come-cotas, antecipação
de 15%, que incidirá no último dia útil dos meses de maio e novembro de cada
ano.",15 dias,Renda Fixa,5000.0,0.99118727,Qualquer dia,4.0,1000.0,False
a0W3u00000AdMqnEAF,TARPON GT FIC FIA,Qualquer dia,30 dias corridos,30 dias corridos,"Incidirá no momento do resgate, à alíquota de 15% sobre o lucro obtido.",32 dias,Renda Variável,1000.0,2.92305407,Qualquer dia,5.0,1000.0,False
a0W3u00000AdMzqEAF,MZK DINÂMICO FIC FIM,Qualquer dia,30 dias corridos,30 dias corridos,"Tabela regressiva que
começa em 22,5% e chega em 15% após 2 anos. Sujeito a come-cotas, antecipação
de 15%, que incidirá no último dia útil dos meses de maio e novembro de cada
ano.",31 dias,Renda Fixa,10000.0,-0.11853126,Qualquer dia,4.0,5000.0,False
a0W3u00000AdNDnEAN,NW3 EVENT DRIVEN FIC FIM,Qualquer dia,30 dias corridos,30 dias corridos,"Incidirá no momento do resgate, à alíquota de 15% sobre o lucro obtido.",31 dias,Renda Fixa,50000.0,0.48601715,Qualquer dia,4.0,25000.0,False
a0W3u00000AdNpmEAF,BERNARDO S. DA ICATU - DATA ALVO 2050,Qualquer dia,1 dia útil,1 dia útil,"Tabela regressiva que
começa em 22,5% e chega em 15% após 2 anos. Sujeito a come-cotas, antecipação
de 15%, que incidirá no último dia útil dos meses de maio e novembro de cada
ano.",3 dias,Renda Fixa,500.0,0.63986009,Qualquer dia,5.0,500.0,False
a0W3u00000AdO5lEAF,FATOR AÇÕES FIC FIA,Qualquer dia,1 dia útil,1 dia útil,"Incidirá no momento do resgate, à alíquota de 15% sobre o lucro obtido.",3 dias,Renda Variável,1000.0,4.123895,Qualquer dia,5.0,1000.0,False
a0W3u00000AdO6yEAF,FATOR PORTFOLIO PLUS FIC FIM,Qualquer dia,30 dias corridos,30 dias corridos,"Tabela regressiva que
começa em 22,5% e chega em 15% após 2 anos. Sujeito a come-cotas, antecipação
de 15%, que incidirá no último dia útil dos meses de maio e novembro de cada
ano.",31 dias,Renda Fixa,1000.0,0.16726960000000002,Qualquer dia,4.0,1000.0,False
a0W3u00000AdO7DEAV,FATOR SINERGIA FIA,Qualquer dia,30 dias corridos,30 dias corridos,"Incidirá no momento do resgate, à alíquota de 15% sobre o lucro obtido.",32 dias,Renda Variável,1000.0,9.77605568,Qualquer dia,5.0,1000.0,False
a0W3u00000AdO7IEAV,BERNARDO S. DA ICATU - DATA ALVO 2040,Qualquer dia,1 dia útil,1 dia útil,"Tabela regressiva que
começa em 22,5% e chega em 15% após 2 anos. Sujeito a come-cotas, antecipação
de 15%, que incidirá no último dia útil dos meses de maio e novembro de cada
ano.",3 dias,Renda Fixa,500.0,0.92745384,Qualquer dia,4.0,500.0,False
a0W3u00000AdOBNEA3,BERNARDO S. DA ICATU - DATA ALVO 2030,Qualquer dia,1 dia útil,1 dia útil,"Tabela regressiva que
começa em 22,5% e chega em 15% após 2 anos. Sujeito a come-cotas, antecipação
de 15%, que incidirá no último dia útil dos meses de maio e novembro de cada
ano.",3 dias,Renda Fixa,500.0,0.71210367,Qualquer dia,3.0,500.0,False
a0W3u00000AdOHLEA3,OURO PRETO REAL FIC FIRF LP,Qualquer dia,2 dias corridos,2 dias corridos,"Tabela regressiva que
começa em 22,5% e chega em 15% após 2 anos. Sujeito a come-cotas, antecipação
de 15%, que incidirá no último dia útil dos meses de maio e novembro de cada
ano.",3 dias,Renda Fixa,100.0,0.44499209,Qualquer dia,4.0,100.0,False
a0W3u00000AdOQFEA3,VERSA CHARGER BDR NÍVEL I FIA,Qualquer dia,12 dias úteis,12 dias úteis,"Incidirá no momento do resgate, à alíquota de 15% sobre o lucro obtido.",14 dias,Renda Variável,500.0,0.89940585,Qualquer dia,5.0,100.0,False
a0W3u00000AdOQZEA3,VERSA TRACKER FIM,Qualquer dia,No dia,No dia,"Tabela regressiva que
começa em 22,5% e chega em 15% após 2 anos. Sujeito a come-cotas, antecipação
de 15%, que incidirá no último dia útil dos meses de maio e novembro de cada
ano.",1 dia,Renda Fixa,500.0,-1.82261644,Qualquer dia,3.0,500.0,False
a0W3u00000AdQ0eEAF,KAIRÓS MACRO FIC FIM,Qualquer dia,30 dias corridos,30 dias corridos,"Tabela regressiva que
começa em 22,5% e chega em 15% após 2 anos. Sujeito a come-cotas, antecipação
de 15%, que incidirá no último dia útil dos meses de maio e novembro de cada
ano.",31 dias,Renda Fixa,20000.0,-1.02726555,Qualquer dia,4.0,0.0,False
a0W3u00000AdQ9lEAF,VALORA GUARDIAN II FIC FIM CP,Qualquer dia,90 dias corridos,90 dias corridos,"Tabela regressiva que
começa em 22,5% e chega em 15% após 2 anos. Sujeito a come-cotas, antecipação
de 15%, que incidirá no último dia útil dos meses de maio e novembro de cada
ano.",91 dias,Renda Fixa,10000.0,0.49622486,Qualquer dia,5.0,1000.0,False
a0W3u00000AdQJ2EAN,VALORA ABSOLUTE FIRF CP LP,Qualquer dia,14 dias corridos,14 dias corridos,"Tabela regressiva que
começa em 22,5% e chega em 15% após 2 anos. Sujeito a come-cotas, antecipação
de 15%, que incidirá no último dia útil dos meses de maio e novembro de cada
ano.",15 dias,Renda Fixa,1000.0,0.46624123,Qualquer dia,5.0,100.0,False
a0W3u00000AdQJMEA3,TRANCOSO IBOVESPA FIC FIA,Qualquer dia,30 dias corridos,30 dias corridos,"Incidirá no momento do resgate, à alíquota de 15% sobre o lucro obtido.",32 dias,Renda Variável,10000.0,1.41984558,Qualquer dia,5.0,10000.0,False
a0W3u00000AdQRBEA3,ITAPARICA FIC FIM,Qualquer dia,33 dias corridos,33 dias corridos,"Tabela regressiva que
começa em 22,5% e chega em 15% após 2 anos. Sujeito a come-cotas, antecipação
de 15%, que incidirá no último dia útil dos meses de maio e novembro de cada
ano.",34 dias,Renda Fixa,20000.0,0.03270856,Qualquer dia,4.0,10000.0,False
a0W3u00000AdQV8EAN,TB ITACARE FUNDO DE INVESTIMENTO RF LP,Qualquer dia,No dia,No dia,"Tabela regressiva que
começa em 22,5% e chega em 15% após 2 anos. Sujeito a come-cotas, antecipação
de 15%, que incidirá no último dia útil dos meses de maio e novembro de cada
ano.",1 dia,Renda Fixa,50000.0,0.30218490000000003,Qualquer dia,3.0,25000.0,False
a0W3u00000AdQjjEAF,NEST ABSOLUTE RETURN FIM,Qualquer dia,15 dias corridos,15 dias corridos,"Tabela regressiva que
começa em 22,5% e chega em 15% após 2 anos. Sujeito a come-cotas, antecipação
de 15%, que incidirá no último dia útil dos meses de maio e novembro de cada
ano.",18 dias,Renda Fixa,1000.0,0.1663515,Qualquer dia,4.0,1000.0,False
a0W3u00000AdRD5EAN,FUNDAMENTA SELECAO FIC FIM CP,Qualquer dia,33 dias corridos,33 dias corridos,"Tabela regressiva que
começa em 22,5% e chega em 15% após 2 anos. Sujeito a come-cotas, antecipação
de 15%, que incidirá no último dia útil dos meses de maio e novembro de cada
ano.",36 dias,Renda Fixa,1000.0,1.32447923,Qualquer dia,4.0,500.0,False
a0W3u00000AdRDeEAN,SPARTA DEBENTURES FIC FIM RF CP,Qualquer dia,30 dias corridos,30 dias corridos,Isento do pagamento de imposto de renda.,32 dias,Renda Fixa,5000.0,0.69733749,Qualquer dia,4.0,3000.0,False
a0W3u00000AdRWlEAN,NEO MULTI ESTRATÉGIA 30 FEEDER FIC FIM,Qualquer dia,30 dias corridos,30 dias corridos,"Tabela regressiva que
começa em 22,5% e chega em 15% após 2 anos. Sujeito a come-cotas, antecipação
de 15%, que incidirá no último dia útil dos meses de maio e novembro de cada
ano.",31 dias,Renda Fixa,10000.0,0.37935164,Qualquer dia,4.0,10000.0,False
a0W3u00000AdRXFEA3,NEO NAVITAS B FIC FIA,Qualquer dia,30 dias corridos,30 dias corridos,"Incidirá no momento do resgate, à alíquota de 15% sobre o lucro obtido.",32 dias,Renda Variável,5000.0,3.93068298,Qualquer dia,5.0,1000.0,False
a0W3u00000AdRXZEA3,NEO FUTURE II FIC FIA,Qualquer dia,60 dias corridos,60 dias corridos,"Incidirá no momento do resgate, à alíquota de 15% sobre o lucro obtido.",63 dias,Renda Variável,5000.0,5.93223168,Qualquer dia,5.0,1000.0,False
a0W3u00000AdRhGEAV,MACRO CAPITAL ONE FIC FIM,Qualquer dia,29 dias corridos,29 dias corridos,"Tabela regressiva que
começa em 22,5% e chega em 15% após 2 anos. Sujeito a come-cotas, antecipação
de 15%, que incidirá no último dia útil dos meses de maio e novembro de cada
ano.",30 dias,Renda Fixa,20000.0,-0.53045816,Qualquer dia,4.0,20000.0,False
a0W3u00000AdRvnEAF,AZ QUEST MULTI FIC FIM,Qualquer dia,No dia,No dia,"Tabela regressiva que
começa em 22,5% e chega em 15% após 2 anos. Sujeito a come-cotas, antecipação
de 15%, que incidirá no último dia útil dos meses de maio e novembro de cada
ano.",1 dia,Renda Fixa,5000.0,0.99857648,Qualquer dia,4.0,1000.0,False
a0W3u00000CWF90EAH,KINEA ARKHE FIM,Qualquer dia,No dia,No dia,"Tabela regressiva que
começa em 22,5% e chega em 15% após 2 anos. Sujeito a come-cotas, antecipação
de 15%, que incidirá no último dia útil dos meses de maio e novembro de cada
ano.",1 dia,Renda Fixa,1000.0,0.43837747,Qualquer dia,3.0,1000.0,False
a0W3u00000CWF9FEAX,KINEA ABSOLUTO FI RF LP,Qualquer dia,No dia,No dia,"Tabela regressiva que
começa em 22,5% e chega em 15% após 2 anos. Sujeito a come-cotas, antecipação
de 15%, que incidirá no último dia útil dos meses de maio e novembro de cada
ano.",1 dia,Renda Fixa,5000.0,0.38183826,Qualquer dia,3.0,5000.0,False
a0W3u00000CWFE5EAP,QUANTITAS FIC FIM MALLORCA,Qualquer dia,14 dias corridos,14 dias corridos,"Tabela regressiva que
começa em 22,5% e chega em 15% após 2 anos. Sujeito a come-cotas, antecipação
de 15%, que incidirá no último dia útil dos meses de maio e novembro de cada
ano.",15 dias,Renda Fixa,10000.0,0.251726,Qualquer dia,4.0,5000.0,False
a0W3u00000CWFEZEA5,QUANTITAS FIA MONTECRISTO,Qualquer dia,1 dia útil,1 dia útil,"Incidirá no momento do resgate, à alíquota de 15% sobre o lucro obtido.",6 dias,Renda Variável,10000.0,2.12729256,Qualquer dia,5.0,5000.0,False
a0W3u00000CWFEyEAP,QUANTITAS FIM GALAPAGOS,Qualquer dia,14 dias corridos,14 dias corridos,"Tabela regressiva que
começa em 22,5% e chega em 15% após 2 anos. Sujeito a come-cotas, antecipação
de 15%, que incidirá no último dia útil dos meses de maio e novembro de cada
ano.",15 dias,Renda Fixa,10000.0,0.91897161,Qualquer dia,4.0,5000.0,False
a0W3u00000CWH7VEAX,TRAFALGAR ROYAL LONG BIAS LATAM FIC FIA,Qualquer dia,30 dias corridos,30 dias corridos,"Incidirá no momento do resgate, à alíquota de 15% sobre o lucro obtido.",32 dias,Renda Variável,20000.0,3.25780325,Qualquer dia,5.0,20000.0,False
a0W3u00000CWH7aEAH,TRAFALGAR VICTORY FIC FIM,Qualquer dia,30 dias corridos,30 dias corridos,"Tabela regressiva que
começa em 22,5% e chega em 15% após 2 anos. Sujeito a come-cotas, antecipação
de 15%, que incidirá no último dia útil dos meses de maio e novembro de cada
ano.",31 dias,Renda Fixa,2000.0,-0.58391714,Qualquer dia,4.0,2000.0,False
a0W3u00000CWHITEA5,TAGUS FUNDAMENTAL FIA,Qualquer dia,15 dias corridos,15 dias corridos,"Incidirá no momento do resgate, à alíquota de 15% sobre o lucro obtido.",17 dias,Renda Variável,1000.0,3.54202357,Qualquer dia,5.0,1000.0,False
a0W3u00000CWHIYEA5,TAGUS ABSOLUTO FUNDO DE INVESTIMENTO MUL,Qualquer dia,No dia,No dia,"Tabela regressiva que começa em 22,5% e chega em 20% após 6
meses. Sujeito a come-cotas, antecipação de 20%, que incidirá no último dia
útil dos meses de maio e novembro de cada ano.",1 dia,Renda Fixa,1000.0,1.36774535,Qualquer dia,3.0,1000.0,False
a0W3u00000CWHQ8EAP,FORPUS AÇÕES FIC FIA,Qualquer dia,30 dias corridos,30 dias corridos,"Incidirá no momento do resgate, à alíquota de 15% sobre o lucro obtido.",32 dias,Renda Variável,1000.0,-0.46598212,Qualquer dia,5.0,0.0,False
a0W3u00000CWIIbEAP,ARX ESPECIAL MACRO FIC FIM,Qualquer dia,No dia,No dia,"Tabela regressiva que
começa em 22,5% e chega em 15% após 2 anos. Sujeito a come-cotas, antecipação
de 15%, que incidirá no último dia útil dos meses de maio e novembro de cada
ano.",1 dia,Renda Fixa,1000.0,-1.33738092,Qualquer dia,3.0,1000.0,False
a0W3u00000CWIPSEA5,Catálogo Padrão Tesouro Direto,Qualquer dia,No dia,No dia,,,,0.0,,Qualquer dia,,,False
a0W3u00000CWJdfEAH,PROPEL AXIS I FIM CP,Qualquer dia,28 dias corridos,28 dias corridos,"Tabela regressiva que
começa em 22,5% e chega em 15% após 2 anos. Sujeito a come-cotas, antecipação
de 15%, que incidirá no último dia útil dos meses de maio e novembro de cada
ano.",30 dias,Renda Fixa,5000.0,-1.56002414,Qualquer dia,5.0,0.0,False
a0W3u00000CWKCQEA5,BAHIA AM FIC de FIM,Qualquer dia,20 dias corridos,20 dias corridos,"Tabela regressiva que
começa em 22,5% e chega em 15% após 2 anos. Sujeito a come-cotas, antecipação
de 15%, que incidirá no último dia útil dos meses de maio e novembro de cada
ano.",21 dias,Renda Fixa,20000.0,0.40320818,Qualquer dia,4.0,20000.0,False
a0W3u00000CWKIdEAP,BRADESCO ASSET FIC FIA DIVIDENDOS,Qualquer dia,1 dia útil,1 dia útil,"Incidirá no momento do resgate, à alíquota de 15% sobre o lucro obtido.",4 dias,Renda Variável,5000.0,-0.58034984,Qualquer dia,5.0,500.0,False
a0W3u00000CWKKUEA5,BRADESCO ASSET FIC FIA LONG ONLY,Qualquer dia,1 dia útil,1 dia útil,"Incidirá no momento do resgate, à alíquota de 15% sobre o lucro obtido.",4 dias,Renda Variável,5000.0,2.65511857,Qualquer dia,5.0,500.0,False
a0W3u00000CWKMLEA5,BRADESCO ASSET FIC FIM ALOCAÇÃO ARROJADA,Qualquer dia,1 dia útil,1 dia útil,"Tabela regressiva que
começa em 22,5% e chega em 15% após 2 anos. Sujeito a come-cotas, antecipação
de 15%, que incidirá no último dia útil dos meses de maio e novembro de cada
ano.",3 dias,Renda Fixa,1000.0,0.96313749,Qualquer dia,3.0,100.0,False
a0W3u00000CWKgLEAX,BRADESCO ASSET FIC FIA CRESCIMENTO,Qualquer dia,14 dias corridos,14 dias corridos,"Incidirá no momento do resgate, à alíquota de 15% sobre o lucro obtido.",16 dias,Renda Variável,5000.0,3.52386213,Qualquer dia,5.0,500.0,False
a0W3u00000CWKhTEAX,BRADESCO ASSET FIC FIM MACRO 22,Qualquer dia,21 dias úteis,21 dias úteis,"Tabela regressiva que
começa em 22,5% e chega em 15% após 2 anos. Sujeito a come-cotas, antecipação
de 15%, que incidirá no último dia útil dos meses de maio e novembro de cada
ano.",22 dias,Renda Fixa,5000.0,0.74146834,Qualquer dia,4.0,1000.0,False
a0W3u00000CWKkhEAH,BRADESCO ASSET FIC RF REFERENCIADO DI,Qualquer dia,No dia,No dia,"Tabela regressiva que
começa em 22,5% e chega em 15% após 2 anos. Sujeito a come-cotas, antecipação
de 15%, que incidirá no último dia útil dos meses de maio e novembro de cada
ano.",No Dia,Renda Fixa,30.0,0.39157487,Qualquer dia,3.0,30.0,False
a0W3u00000CWKlzEAH,BRADESCO ASSET FIC FIA SMALL CAPS,Qualquer dia,14 dias corridos,14 dias corridos,"Incidirá no momento do resgate, à alíquota de 15% sobre o lucro obtido.",16 dias,Renda Variável,5000.0,3.63840654,Qualquer dia,5.0,500.0,False
a0W3u00000CWMTgEAP,BAHIA AM VALUATION FIC de FIA,Qualquer dia,30 dias corridos,30 dias corridos,"Incidirá no momento do resgate, à alíquota de 15% sobre o lucro obtido.",32 dias,Renda Variável,20000.0,0.39266569,Qualquer dia,5.0,20000.0,False
a0W3u00000CWNtcEAH,SAGA TOP FIC FIM,Qualquer dia,4 dias úteis,4 dias úteis,"Tabela regressiva que
começa em 22,5% e chega em 15% após 2 anos. Sujeito a come-cotas, antecipação
de 15%, que incidirá no último dia útil dos meses de maio e novembro de cada
ano.",5 dias,Renda Fixa,5000.0,0.3336872,Qualquer dia,3.0,1000.0,False
a0W3u00000CWNtmEAH,SAGA FIA,Qualquer dia,1 dia útil,1 dia útil,"Incidirá no momento do resgate, à alíquota de 15% sobre o lucro obtido.",3 dias,Renda Variável,1000.0,1.52599811,Qualquer dia,5.0,1000.0,False
a0W3u00000CWOGlEAP,JGP EQUITY FIC FIM,Qualquer dia,30 dias úteis,30 dias úteis,"Incidirá no momento do resgate, à alíquota de 15% sobre o lucro obtido.",32 dias,Renda Fixa,20000.0,4.96825015,Qualquer dia,5.0,5000.0,False
a0W3u00000CWOINEA5,JGP LONG ONLY FIC FIA,Qualquer dia,30 dias úteis,30 dias úteis,"Incidirá no momento do resgate, à alíquota de 15% sobre o lucro obtido.",32 dias,Renda Variável,20000.0,5.842272900000001,Qualquer dia,5.0,5000.0,False
a0W3u00000CWOZnEAP,SOLANA LONG AND SHORT FIC FIM,Qualquer dia,14 dias corridos,14 dias corridos,"Tabela regressiva que
começa em 22,5% e chega em 15% após 2 anos. Sujeito a come-cotas, antecipação
de 15%, que incidirá no último dia útil dos meses de maio e novembro de cada
ano.",15 dias,Renda Fixa,10000.0,3.57655394,Qualquer dia,3.0,10000.0,False
a0W3u00000CWOZsEAP,SOLANA ABSOLUTTO FIC FIM,Qualquer dia,27 dias corridos,27 dias corridos,"Incidirá no momento do resgate, à alíquota de 15% sobre o lucro obtido.",29 dias,Renda Fixa,10000.0,5.44756208,Qualquer dia,5.0,10000.0,False
a0W3u00000CWOaHEAX,BUTIA EXCELLENCE FIC FIM,Qualquer dia,3 dias úteis,3 dias úteis,"Tabela regressiva que
começa em 22,5% e chega em 15% após 2 anos. Sujeito a come-cotas, antecipação
de 15%, que incidirá no último dia útil dos meses de maio e novembro de cada
ano.",4 dias,Renda Fixa,500.0,0.40726329,Qualquer dia,4.0,100.0,False
a0W3u00000CWOaMEAX,BUTIA FUNDAMENTAL FIC FIA,Qualquer dia,1 dia útil,1 dia útil,"Incidirá no momento do resgate, à alíquota de 15% sobre o lucro obtido.",4 dias,Renda Variável,500.0,2.50131734,Qualquer dia,5.0,100.0,False
a0W3u00000CWOg9EAH,BUTIA DEBENTURES FI-INFRA RF LP,Qualquer dia,30 dias corridos,30 dias corridos,Isento do pagamento de imposto de renda.,31 dias,Renda Fixa,500.0,1.09455347,Qualquer dia,5.0,100.0,False
a0W3u00000CWOgJEAX,BUTIA TOP CP FIC FI RF,Qualquer dia,No dia,No dia,"Tabela regressiva que
começa em 22,5% e chega em 15% após 2 anos. Sujeito a come-cotas, antecipação
de 15%, que incidirá no último dia útil dos meses de maio e novembro de cada
ano.",1 dia,Renda Fixa,500.0,0.42506988,Qualquer dia,3.0,100.0,False
a0W3u00000CWOgTEAX,PERSEVERA COMPASS FIC FIM,Qualquer dia,30 dias corridos,30 dias corridos,"Tabela regressiva que
começa em 22,5% e chega em 15% após 2 anos. Sujeito a come-cotas, antecipação
de 15%, que incidirá no último dia útil dos meses de maio e novembro de cada
ano.",31 dias,Renda Fixa,10000.0,0.04764422,Qualquer dia,4.0,5000.0,False
a0W3u00000CWOmHEAX,DAHLIA INSTITUCIONAL FIC FIA,Qualquer dia,15 dias corridos,15 dias corridos,"Incidirá no momento do resgate, à alíquota de 15% sobre o lucro obtido.",17 dias,Renda Variável,5000.0,2.79847431,Qualquer dia,5.0,5000.0,False
a0W3u00000CWOmMEAX,DAHLIA TOTAL RETURN FIC FIM,Qualquer dia,30 dias corridos,30 dias corridos,"Incidirá no momento do resgate, à alíquota de 15% sobre o lucro obtido.",32 dias,Renda Fixa,5000.0,3.10699175,Qualquer dia,4.0,5000.0,False
a0W3u00000CWPUGEA5,TORK LONG ONLY INSTITUCIONAL FIC FIA,Qualquer dia,30 dias corridos,30 dias corridos,"Incidirá no momento do resgate, à alíquota de 15% sobre o lucro obtido.",32 dias,Renda Variável,30000.0,5.20717701,Qualquer dia,5.0,30000.0,False
a0W3u00000CWPUVEA5,TORK 60 FIC FIA,Qualquer dia,60 dias corridos,60 dias corridos,"Incidirá no momento do resgate, à alíquota de 15% sobre o lucro obtido.",62 dias,Renda Variável,5000.0,4.42943412,Qualquer dia,5.0,5000.0,False
a0W3u00000CWQ8aEAH,REAL INVESTOR  FIA,Qualquer dia,27 dias corridos,27 dias corridos,"Incidirá no momento do resgate, à alíquota de 15% sobre o lucro obtido.",29 dias,Renda Variável,5000.0,5.55366859,Qualquer dia,5.0,5000.0,False
a0W3u00000CWQ8kEAH,REAL INVESTOR FIM,Qualquer dia,27 dias corridos,27 dias corridos,"Tabela regressiva que
começa em 22,5% e chega em 15% após 2 anos. Sujeito a come-cotas, antecipação
de 15%, que incidirá no último dia útil dos meses de maio e novembro de cada
ano.",30 dias,Renda Fixa,5000.0,5.10086655,Qualquer dia,5.0,5000.0,False
a0W3u00000CWQE4EAP,ACE CAPITAL FIC FIM,Qualquer dia,30 dias corridos,30 dias corridos,"Tabela regressiva que
começa em 22,5% e chega em 15% após 2 anos. Sujeito a come-cotas, antecipação
de 15%, que incidirá no último dia útil dos meses de maio e novembro de cada
ano.",31 dias,Renda Fixa,10000.0,0.23791672,Qualquer dia,4.0,10000.0,False
a0W3u00000CWQPnEAP,LOGOS LONG BIASED FIC FIM,Qualquer dia,30 dias corridos,30 dias corridos,"Tabela regressiva que
começa em 22,5% e chega em 15% após 2 anos. Sujeito a come-cotas, antecipação
de 15%, que incidirá no último dia útil dos meses de maio e novembro de cada
ano.",32 dias,Renda Fixa,10000.0,-0.50649533,Qualquer dia,5.0,5000.0,False
a0W3u00000CWQPsEAP,LOGOS TOTAL RETURN FIC FIM,Qualquer dia,30 dias corridos,30 dias corridos,"Tabela regressiva que
começa em 22,5% e chega em 15% após 2 anos. Sujeito a come-cotas, antecipação
de 15%, que incidirá no último dia útil dos meses de maio e novembro de cada
ano.",32 dias,Renda Fixa,10000.0,329.02914921,Qualquer dia,5.0,1000.0,False
a0W3u00000CWQQ2EAP,LOGOS LONG BIASED II FIC FIA,Qualquer dia,30 dias corridos,30 dias corridos,"Incidirá no momento do resgate, à alíquota de 15% sobre o lucro obtido.",32 dias,Renda Variável,10000.0,-17.88131686,Qualquer dia,5.0,5000.0,False
a0W3u00000CWQQMEA5,TRIGONO DELPHOS INCOME FIC FIA,Qualquer dia,30 dias corridos,30 dias corridos,"Incidirá no momento do resgate, à alíquota de 15% sobre o lucro obtido.",32 dias,Renda Variável,500.0,8.89932753,Qualquer dia,5.0,500.0,False
a0W3u00000CWQcGEAX,PORTO SEGURO AÇÕES FIC FI,Qualquer dia,1 dia útil,1 dia útil,"Incidirá no momento do resgate, à alíquota de 15% sobre o lucro obtido.",4 dias,Renda Variável,1000.0,-2.40738223,Qualquer dia,5.0,1000.0,False
a0W6A000005ch3qUAA,CDI POS,No venc.,No dia,No dia,,,,10000.0,,No venc.,3.0,,False
a0W6A000005fMbsUAE,ALASKA BLACK FIC FIA II - BDR NÍVEL I,Qualquer dia,30 dias corridos,30 dias corridos,"Incidirá no momento do resgate, à alíquota de 15% sobre o lucro obtido.",32 dias,Renda Variável,1000.0,0.58574465,Qualquer dia,5.0,1000.0,False
a0W6A000008FwYQUA0,SAM JURO REAL RF FIC FI,Qualquer dia,No dia,No dia,"Tabela regressiva que
começa em 22,5% e chega em 15% após 2 anos. Sujeito a come-cotas, antecipação
de 15%, que incidirá no último dia útil dos meses de maio e novembro de cada
ano.",1 dia,Renda Fixa,30.0,0.38427984,Qualquer dia,3.0,30.0,False
a0W6A000008XnWyUAK,CDI POS,No venc.,No dia,No dia,,,,10000.0,,No venc.,0.0,,False
a0W6A000008YdvhUAC,CDI POS,No venc.,No dia,No dia,,,,20000.0,,No venc.,3.0,,False
a0W6A000009GZVHUA4,VOTORANTIM FIC FI CAMBIAL DOLAR,Qualquer dia,No dia,No dia,"Tabela regressiva que
começa em 22,5% e chega em 15% após 2 anos. Sujeito a come-cotas, antecipação
de 15%, que incidirá no último dia útil dos meses de maio e novembro de cada
ano.",1 dia,Renda Fixa,1000.0,5.90234825,Qualquer dia,4.0,1000.0,False
a0W6A000009GZdgUAG,PI SELIC RF SIMPLES FI,Qualquer dia,No dia,No dia,"Tabela regressiva que
começa em 22,5% e chega em 15% após 2 anos. Sujeito a come-cotas, antecipação
de 15%, que incidirá no último dia útil dos meses de maio e novembro de cada
ano.",No Dia,Renda Fixa,30.0,0.42399821,Qualquer dia,1.0,30.0,False
a0W6A000009GbXIUA0,SAM RATES AND FX MULTIMERCADO FIC FI,Qualquer dia,No dia,No dia,"Tabela regressiva que
começa em 22,5% e chega em 15% após 2 anos. Sujeito a come-cotas, antecipação
de 15%, que incidirá no último dia útil dos meses de maio e novembro de cada
ano.",1 dia,Renda Fixa,100.0,0.24260029,Qualquer dia,3.0,100.0,False
a0W6A000009IJadUAG,BLUE ALPHA FEEDER B FIC DE FIM,Qualquer dia,30 dias corridos,30 dias corridos,"Tabela regressiva que
começa em 22,5% e chega em 15% após 2 anos. Sujeito a come-cotas, antecipação
de 15%, que incidirá no último dia útil dos meses de maio e novembro de cada
ano.",31 dias,Renda Fixa,10000.0,0.07624631,Qualquer dia,4.0,10000.0,False
a0W6A000009IJjgUAG,SAM RENDA FIXA LONGO PRAZO FIC FI,Qualquer dia,No dia,No dia,"Tabela regressiva que
começa em 22,5% e chega em 15% após 2 anos. Sujeito a come-cotas, antecipação
de 15%, que incidirá no último dia útil dos meses de maio e novembro de cada
ano.",1 dia,Renda Fixa,30.0,0.42627543,Qualquer dia,3.0,30.0,False
a0W6A000009Ky7bUAC,FABIO PASSOS - CA INDOSUEZ,Qualquer dia,30 dias úteis,30 dias úteis,"Tabela regressiva que
começa em 22,5% e chega em 15% após 2 anos. Sujeito a come-cotas, antecipação
de 15%, que incidirá no último dia útil dos meses de maio e novembro de cada
ano.",31 dias,Renda Fixa,1000.0,1.12947192,Qualquer dia,4.0,1000.0,False
a0W6A000009KycOUAS,DAN KAWA - TAG INVESTIMENTOS,Qualquer dia,16 dias corridos,16 dias corridos,"Tabela regressiva que
começa em 22,5% e chega em 15% após 2 anos. Sujeito a come-cotas, antecipação
de 15%, que incidirá no último dia útil dos meses de maio e novembro de cada
ano.",18 dias,Renda Fixa,100.0,0.58563298,Qualquer dia,4.0,100.0,False
a0W6A000009L0FgUAK,RENATO SANTANIELLO - SANTANDER PRIVATE,Qualquer dia,30 dias corridos,30 dias corridos,"Tabela regressiva que
começa em 22,5% e chega em 15% após 2 anos. Sujeito a come-cotas, antecipação
de 15%, que incidirá no último dia útil dos meses de maio e novembro de cada
ano.",32 dias,Renda Fixa,30.0,0.28042024,Qualquer dia,4.0,30.0,False
a0W6A000009R6mvUAC,JOJO WACHSMANN - VITREO,Qualquer dia,60 dias corridos,60 dias corridos,"Tabela regressiva que
começa em 22,5% e chega em 15% após 2 anos. Sujeito a come-cotas, antecipação
de 15%, que incidirá no último dia útil dos meses de maio e novembro de cada
ano.",61 dias,Renda Fixa,1000.0,1.44783137,Qualquer dia,4.0,100.0,False
a0W6A000009agwtUAA,VOTORANTIM FI EQUITY HEDGE MULTIMERCADO,Qualquer dia,10 dias corridos,10 dias corridos,"Tabela regressiva que
começa em 22,5% e chega em 15% após 2 anos. Sujeito a come-cotas, antecipação
de 15%, que incidirá no último dia útil dos meses de maio e novembro de cada
ano.",11 dias,Renda Fixa,5000.0,0.86805228,Qualquer dia,3.0,5000.0,False
a0W6A000009ai38UAA,VOTORANTIM FI EAGLE RF LP,Qualquer dia,No dia,No dia,"Tabela regressiva que
começa em 22,5% e chega em 15% após 2 anos. Sujeito a come-cotas, antecipação
de 15%, que incidirá no último dia útil dos meses de maio e novembro de cada
ano.",1 dia,Renda Fixa,1000.0,0.43812035,Qualquer dia,2.0,1000.0,False
a0W6A000009lsp4UAA,BTG PACTUAL YIELD DI FI REFERENCIADO CP,Qualquer dia,No dia,No dia,"Tabela regressiva que
começa em 22,5% e chega em 15% após 2 anos. Sujeito a come-cotas, antecipação
de 15%, que incidirá no último dia útil dos meses de maio e novembro de cada
ano.",No Dia,Renda Fixa,3000.0,0.42789089,Qualquer dia,2.0,1000.0,False
a0W6A000009luG5UAI,BTG PACTUAL HEDGE FI MULTIMERCADO,Qualquer dia,No dia,No dia,"Tabela regressiva que
começa em 22,5% e chega em 15% após 2 anos. Sujeito a come-cotas, antecipação
de 15%, que incidirá no último dia útil dos meses de maio e novembro de cada
ano.",1 dia,Renda Fixa,1000.0,0.54144033,Qualquer dia,3.0,1000.0,False
a0W6A000009luOMUAY,BTG PACTUAL EXPLORER FIM,Qualquer dia,4 dias úteis,4 dias úteis,"Tabela regressiva que
começa em 22,5% e chega em 15% após 2 anos. Sujeito a come-cotas, antecipação
de 15%, que incidirá no último dia útil dos meses de maio e novembro de cada
ano.",5 dias,Renda Fixa,5000.0,0.26044187,Qualquer dia,3.0,1000.0,False
a0W6A000009luUVUAY,BTG PACTUAL DIVIDENDOS FIC FIA,Qualquer dia,30 dias corridos,30 dias corridos,"Incidirá no momento do resgate, à alíquota de 15% sobre o lucro obtido.",32 dias,Renda Variável,5000.0,2.75868958,Qualquer dia,5.0,1000.0,False
a0W6A000009n2phUAA,BTG PACTUAL ABSOLUTO INSTITUCIONAL FIA,Qualquer dia,30 dias corridos,30 dias corridos,"Incidirá no momento do resgate, à alíquota de 15% sobre o lucro obtido.",32 dias,Renda Variável,5000.0,4.28437644,Qualquer dia,5.0,0.0,False
a0W6A000009n349UAA,BTG PACTUAL DISCOVERY FIM,Qualquer dia,30 dias corridos,30 dias corridos,"Tabela regressiva que
começa em 22,5% e chega em 15% após 2 anos. Sujeito a come-cotas, antecipação
de 15%, que incidirá no último dia útil dos meses de maio e novembro de cada
ano.",31 dias,Renda Fixa,5000.0,1.05215478,Qualquer dia,4.0,1000.0,False
a0W6A000009n5KwUAI,BTG PACTUAL DEBENTURES INCENTIVADAS FIRF,Qualquer dia,30 dias corridos,30 dias corridos,Isento do pagamento de imposto de renda.,31 dias,Renda Fixa,1000.0,0.66993121,Qualquer dia,4.0,1000.0,False
a0W6A000009n5OtUAI,BTG PACTUAL CREDITO CORP 30 FIC RF CP LP,Qualquer dia,30 dias corridos,30 dias corridos,"Tabela regressiva que
começa em 22,5% e chega em 15% após 2 anos. Sujeito a come-cotas, antecipação
de 15%, que incidirá no último dia útil dos meses de maio e novembro de cada
ano.",31 dias,Renda Fixa,5000.0,0.44052209,Qualquer dia,4.0,1000.0,False
a0W6A000009y4V6UAI,GAUSS INCOME FIC FI RF CP,Qualquer dia,No dia,No dia,"Tabela regressiva que
começa em 22,5% e chega em 15% após 2 anos. Sujeito a come-cotas, antecipação
de 15%, que incidirá no último dia útil dos meses de maio e novembro de cada
ano.",1 dia,Renda Fixa,1000.0,0.39999924,Qualquer dia,3.0,1000.0,False
a0W6A000009zAsiUAE,SUL AMÉRICA EXCELLENCE FI RF CP,Qualquer dia,1 dia útil,1 dia útil,"Tabela regressiva que
começa em 22,5% e chega em 15% após 2 anos. Sujeito a come-cotas, antecipação
de 15%, que incidirá no último dia útil dos meses de maio e novembro de cada
ano.",1 dia,Renda Fixa,5000.0,0.50446716,Qualquer dia,3.0,2500.0,False
a0W6A000009zEPVUA2,SUL AMÉRICA TOTAL IMPACTO FIA,Qualquer dia,1 dia útil,1 dia útil,"Incidirá no momento do resgate, à alíquota de 15% sobre o lucro obtido.",3 dias,Renda Variável,100.0,0.89192413,Qualquer dia,5.0,100.0,False
a0W6A00000A1UvkUAF,APOLLO FIM CP,Qualquer dia,30 dias corridos,30 dias corridos,"Tabela regressiva que
começa em 22,5% e chega em 15% após 2 anos. Sujeito a come-cotas, antecipação
de 15%, que incidirá no último dia útil dos meses de maio e novembro de cada
ano.",33 dias,Renda Fixa,1000.0,0.44708672,Qualquer dia,5.0,1000.0,False
a0W6A00000A1YLYUA3,SUL AMÉRICA FV FIA,Qualquer dia,1 dia útil,1 dia útil,"Incidirá no momento do resgate, à alíquota de 15% sobre o lucro obtido.",3 dias,Renda Variável,2500.0,5.20354681,Qualquer dia,5.0,2500.0,False
a0W6A00000A1aGIUAZ,SUL AMÉRICA ENDURANCE FIM,Qualquer dia,4 dias úteis,4 dias úteis,"Tabela regressiva que
começa em 22,5% e chega em 15% após 2 anos. Sujeito a come-cotas, antecipação
de 15%, que incidirá no último dia útil dos meses de maio e novembro de cada
ano.",5 dias,Renda Fixa,5000.0,0.18853465,Qualquer dia,3.0,2500.0,False
a0W6A00000A3isbUAB,SUL AMÉRICA RF ATIVO FI LP,Qualquer dia,No dia,No dia,"Tabela regressiva que
começa em 22,5% e chega em 15% após 2 anos. Sujeito a come-cotas, antecipação
de 15%, que incidirá no último dia útil dos meses de maio e novembro de cada
ano.",1 dia,Renda Fixa,5000.0,0.28657502,Qualquer dia,3.0,2500.0,False
a0W6A00000A3mRRUAZ,SUL AMÉRICA CRÉDITO ATIVO FI RF CP LP,Qualquer dia,29 dias corridos,29 dias corridos,"Tabela regressiva que
começa em 22,5% e chega em 15% após 2 anos. Sujeito a come-cotas, antecipação
de 15%, que incidirá no último dia útil dos meses de maio e novembro de cada
ano.",30 dias,Renda Fixa,5000.0,0.46699057,Qualquer dia,4.0,2500.0,False
a0W6A00000A3mveUAB,SUL AMÉRICA JURO REAL CURTO FI RF LP,Qualquer dia,1 dia útil,1 dia útil,"Tabela regressiva que
começa em 22,5% e chega em 15% após 2 anos. Sujeito a come-cotas, antecipação
de 15%, que incidirá no último dia útil dos meses de maio e novembro de cada
ano.",,Renda Fixa,5000.0,0.63513256,Qualquer dia,3.0,2500.0,False
a0W6A00000A4sdBUAR,CONSTÂNCIA FUNDAMENTO FIA,Qualquer dia,14 dias úteis,14 dias úteis,"Incidirá no momento do resgate, à alíquota de 15% sobre o lucro obtido.",15 dias,Renda Variável,1000.0,3.87163908,Qualquer dia,5.0,1000.0,False
a0W6A00000A4zhSUAR,OPPORTUNITY TOTAL FIC FIM,Qualquer dia,1 dia útil,1 dia útil,"Incidirá no momento do resgate, à alíquota de 15% sobre o lucro obtido.",3 dias,Renda Fixa,5000.0,0.68841827,Qualquer dia,5.0,5000.0,False
a0W6A00000AAHO5UAP,OPPORTUNITY MARKET FIC FIM,Qualquer dia,No dia,No dia,"Incidirá no momento do resgate, à alíquota de 15% sobre o lucro obtido.",1 dia,Renda Fixa,5000.0,0.42931066,Qualquer dia,4.0,5000.0,False
a0W6A00000AAMe0UAH,OPPORTUNITY SELECTION FIC FIA,Qualquer dia,1 dia útil,1 dia útil,"Incidirá no momento do resgate, à alíquota de 15% sobre o lucro obtido.",3 dias,Renda Variável,5000.0,3.18017629,Qualquer dia,5.0,5000.0,False
a0W6A00000AANjjUAH,OPPORTUNITY LONG BIASED FIC FIM,Qualquer dia,15 dias úteis,15 dias úteis,"Incidirá no momento do resgate, à alíquota de 15% sobre o lucro obtido.",17 dias,Renda Fixa,5000.0,3.46185938,Qualquer dia,5.0,5000.0,False
a0W6A00000AAQQtUAP,LEBLON AÇÕES II FIC FIA,Qualquer dia,27 dias corridos,27 dias corridos,"Incidirá no momento do resgate, à alíquota de 15% sobre o lucro obtido.",30 dias,Renda Variável,1000.0,2.41315741,Qualquer dia,5.0,1000.0,False
a0W6A00000AAQilUAH,LEBLON AÇÕES FIC FIA,Qualquer dia,27 dias corridos,27 dias corridos,"Incidirá no momento do resgate, à alíquota de 15% sobre o lucro obtido.",30 dias,Renda Variável,1000.0,2.62845325,Qualquer dia,5.0,100.0,False
a0W6A00000ABccwUAD,POLO LONG BIAS FIM,Qualquer dia,30 dias corridos,30 dias corridos,"Tabela regressiva que
começa em 22,5% e chega em 15% após 2 anos. Sujeito a come-cotas, antecipação
de 15%, que incidirá no último dia útil dos meses de maio e novembro de cada
ano.",32 dias,Renda Fixa,5000.0,5.25256547,Qualquer dia,5.0,5000.0,False
a0W6A00000ABdmuUAD,POLO MACRO FIM,Qualquer dia,30 dias corridos,30 dias corridos,"Tabela regressiva que
começa em 22,5% e chega em 15% após 2 anos. Sujeito a come-cotas, antecipação
de 15%, que incidirá no último dia útil dos meses de maio e novembro de cada
ano.",31 dias,Renda Fixa,5000.0,-0.91264678,Qualquer dia,5.0,5000.0,False
a0W6A00000AF4cZUAT,CAPITÂNIA TOP CP FIC FI RF,Qualquer dia,No dia,No dia,"Tabela regressiva que
começa em 22,5% e chega em 15% após 2 anos. Sujeito a come-cotas, antecipação
de 15%, que incidirá no último dia útil dos meses de maio e novembro de cada
ano.",1 dia,Renda Fixa,5000.0,0.46189406,Qualquer dia,3.0,5000.0,False
a0W6A00000AF4lSUAT,CAPITÂNIA PREMIUM FIC FIRF CP,Qualquer dia,44 dias corridos,44 dias corridos,"Tabela regressiva que
começa em 22,5% e chega em 15% após 2 anos. Sujeito a come-cotas, antecipação
de 15%, que incidirá no último dia útil dos meses de maio e novembro de cada
ano.",45 dias,Renda Fixa,5000.0,0.63834641,Qualquer dia,4.0,5000.0,False
a0W6A00000AF661UAD,DLM PREMIUM 30 FIRF CP LP,Qualquer dia,29 dias corridos,29 dias corridos,"Tabela regressiva que
começa em 22,5% e chega em 15% após 2 anos. Sujeito a come-cotas, antecipação
de 15%, que incidirá no último dia útil dos meses de maio e novembro de cada
ano.",30 dias,Renda Fixa,1000.0,0.47037583,Qualquer dia,4.0,1000.0,False
a0W6A00000AGBucUAH,ARX VINSON FUNDO DE INVESTIMENTO RF CP,Qualquer dia,30 dias corridos,30 dias corridos,"Tabela regressiva que
começa em 22,5% e chega em 15% após 2 anos. Sujeito a come-cotas, antecipação
de 15%, que incidirá no último dia útil dos meses de maio e novembro de cada
ano.",31 dias,Renda Fixa,1000.0,0.47427497,Qualquer dia,3.0,1000.0,False
a0W6A00000AGCMzUAP,ARX EVEREST FIC FIRF CP,Qualquer dia,60 dias corridos,60 dias corridos,"Tabela regressiva que
começa em 22,5% e chega em 15% após 2 anos. Sujeito a come-cotas, antecipação
de 15%, que incidirá no último dia útil dos meses de maio e novembro de cada
ano.",61 dias,Renda Fixa,1000.0,0.54002244,Qualquer dia,4.0,1000.0,False
a0W6A00000AGGmZUAX,ARX EXTRA FIC FIM,Qualquer dia,30 dias corridos,30 dias corridos,"Tabela regressiva que
começa em 22,5% e chega em 15% após 2 anos. Sujeito a come-cotas, antecipação
de 15%, que incidirá no último dia útil dos meses de maio e novembro de cada
ano.",31 dias,Renda Fixa,20000.0,-0.74888942,Qualquer dia,4.0,5000.0,False
a0W6A00000AGH88UAH,ARX FIA,Qualquer dia,1 dia útil,1 dia útil,"Incidirá no momento do resgate, à alíquota de 15% sobre o lucro obtido.",3 dias,Renda Variável,5000.0,-0.57615535,Qualquer dia,5.0,1000.0,False
a0W6A00000AGHKQUA5,ARX INCOME FIA,Qualquer dia,1 dia útil,1 dia útil,"Incidirá no momento do resgate, à alíquota de 15% sobre o lucro obtido.",3 dias,Renda Variável,500.0,1.78272658,Qualquer dia,5.0,100.0,False
a0W6A00000AGHUKUA5,ARX LONG SHORT FIC FIM,Qualquer dia,4 dias úteis,4 dias úteis,"Tabela regressiva que
começa em 22,5% e chega em 15% após 2 anos. Sujeito a come-cotas, antecipação
de 15%, que incidirá no último dia útil dos meses de maio e novembro de cada
ano.",5 dias,Renda Fixa,20000.0,1.18794648,Qualquer dia,4.0,5000.0,False
a0W6A00000AGHfEUAX,ARX LONG TERM FIC FIA,Qualquer dia,30 dias corridos,30 dias corridos,"Incidirá no momento do resgate, à alíquota de 15% sobre o lucro obtido.",32 dias,Renda Variável,1000.0,-0.11185232,Qualquer dia,5.0,1000.0,False
a0W6A00000AGHzdUAH,EOS TITANIUM FIM,Qualquer dia,30 dias corridos,30 dias corridos,"Tabela regressiva que
começa em 22,5% e chega em 15% após 2 anos. Sujeito a come-cotas, antecipação
de 15%, que incidirá no último dia útil dos meses de maio e novembro de cada
ano.",31 dias,Renda Fixa,5000.0,0.17600399,Qualquer dia,4.0,0.0,False
a0W6A00000AGIIwUAP,ARX TARGET INSTITUCIONAL FIM,Qualquer dia,No dia,No dia,"Tabela regressiva que
começa em 22,5% e chega em 15% após 2 anos. Sujeito a come-cotas, antecipação
de 15%, que incidirá no último dia útil dos meses de maio e novembro de cada
ano.",1 dia,Renda Fixa,1000.0,-0.80837964,Qualquer dia,3.0,1000.0,False
a0W6A00000AHOpNUAX,ARX ELBRUS DEBÊNTURES INCENTIVADAS FIM C,Qualquer dia,30 dias corridos,30 dias corridos,Isento do pagamento de imposto de renda.,31 dias,Renda Fixa,1000.0,0.96730197,Qualquer dia,4.0,1000.0,False
a0W6A00000AHOqGUAX,ARX DENALI FIRF CP,Qualquer dia,No dia,No dia,"Tabela regressiva que
começa em 22,5% e chega em 15% após 2 anos. Sujeito a come-cotas, antecipação
de 15%, que incidirá no último dia útil dos meses de maio e novembro de cada
ano.",1 dia,Renda Fixa,1000.0,0.45320947,Qualquer dia,3.0,1000.0,False
a0W6A00000AJsWFUA1,QUASAR ADVANTAGE FIRF CP LP,Qualquer dia,No dia,No dia,"Tabela regressiva que
começa em 22,5% e chega em 15% após 2 anos. Sujeito a come-cotas, antecipação
de 15%, que incidirá no último dia útil dos meses de maio e novembro de cada
ano.",1 dia,Renda Fixa,5000.0,0.50982442,Qualquer dia,3.0,1000.0,False
a0W6A00000AJt2OUAT,QUASAR ADVANTAGE PLUS FIRF CP LP,Qualquer dia,30 dias corridos,30 dias corridos,"Tabela regressiva que
começa em 22,5% e chega em 15% após 2 anos. Sujeito a come-cotas, antecipação
de 15%, que incidirá no último dia útil dos meses de maio e novembro de cada
ano.",31 dias,Renda Fixa,5000.0,0.55675344,Qualquer dia,4.0,1000.0,False
a0W6A00000AJzUBUA1,KADIMA EQUITIES FIC FIA,Qualquer dia,5 dias úteis,5 dias úteis,"Incidirá no momento do resgate, à alíquota de 15% sobre o lucro obtido.",7 dias,Renda Variável,500.0,5.62551038,Qualquer dia,5.0,500.0,False
a0W6A00000AJztjUAD,KADIMA II FIC FIM,Qualquer dia,10 dias corridos,10 dias corridos,"Tabela regressiva que
começa em 22,5% e chega em 15% após 2 anos. Sujeito a come-cotas, antecipação
de 15%, que incidirá no último dia útil dos meses de maio e novembro de cada
ano.",11 dias,Renda Fixa,500.0,0.85908896,Qualquer dia,4.0,500.0,False
a0W6A00000AK0bWUAT,ATHENA TOTAL RETURN II FIC FIA,Qualquer dia,30 dias corridos,30 dias corridos,"Incidirá no momento do resgate, à alíquota de 15% sobre o lucro obtido.",32 dias,Renda Variável,5000.0,5.36553546,Qualquer dia,5.0,1000.0,False
a0W6A00000AK1QGUA1,EXPLORITAS ALPHA AMERICA LATINA FIC FIM,Qualquer dia,30 dias corridos,30 dias corridos,"Tabela regressiva que
começa em 22,5% e chega em 15% após 2 anos. Sujeito a come-cotas, antecipação
de 15%, que incidirá no último dia útil dos meses de maio e novembro de cada
ano.",33 dias,Renda Fixa,10000.0,-0.54236243,Qualquer dia,5.0,5000.0,False
a0W6A00000ARIOcUAP,AUGME 45 FIC FIM CP,Qualquer dia,44 dias corridos,44 dias corridos,"Tabela regressiva que
começa em 22,5% e chega em 15% após 2 anos. Sujeito a come-cotas, antecipação
de 15%, que incidirá no último dia útil dos meses de maio e novembro de cada
ano.",45 dias,Renda Fixa,5000.0,0.5247201,Qualquer dia,4.0,5000.0,False
a0W6A00000ARK9YUAX,GAUSS FIC FIM,Qualquer dia,29 dias corridos,29 dias corridos,"Tabela regressiva que
começa em 22,5% e chega em 15% após 2 anos. Sujeito a come-cotas, antecipação
de 15%, que incidirá no último dia útil dos meses de maio e novembro de cada
ano.",30 dias,Renda Fixa,10000.0,1.52086954,Qualquer dia,5.0,10000.0,False
a0W6A00000ASOMfUAP,CONSTELLATION INSTITUCIONAL FIC FIA,Qualquer dia,60 dias corridos,60 dias corridos,"Incidirá no momento do resgate, à alíquota de 15% sobre o lucro obtido.",62 dias,Renda Variável,5000.0,6.08059115,Qualquer dia,5.0,1000.0,False
a0W6A00000ASOgVUAX,CLARITAS HEDGE FIC FIM LP,Qualquer dia,3 dias úteis,3 dias úteis,"Tabela regressiva que
começa em 22,5% e chega em 15% após 2 anos. Sujeito a come-cotas, antecipação
de 15%, que incidirá no último dia útil dos meses de maio e novembro de cada
ano.",4 dias,Renda Fixa,10000.0,0.64910866,Qualquer dia,3.0,10000.0,False
a0W6A00000ASOvQUAX,CLARITAS VALOR FEEDER FIA,Qualquer dia,31 dias corridos,31 dias corridos,"Incidirá no momento do resgate, à alíquota de 15% sobre o lucro obtido.",33 dias,Renda Variável,10000.0,3.79376315,Qualquer dia,5.0,10000.0,False
a0W6A00000ASP9NUAX,CLARITAS TOTAL RETURN FIC FIM,Qualquer dia,31 dias corridos,31 dias corridos,"Tabela regressiva que
começa em 22,5% e chega em 15% após 2 anos. Sujeito a come-cotas, antecipação
de 15%, que incidirá no último dia útil dos meses de maio e novembro de cada
ano.",33 dias,Renda Fixa,5000.0,1.23567635,Qualquer dia,5.0,5000.0,False
a0W6A00000ATTp5UAH,CLARITAS INSTITUCIONAL FIM,Qualquer dia,No dia,No dia,"Tabela regressiva que
começa em 22,5% e chega em 15% após 2 anos. Sujeito a come-cotas, antecipação
de 15%, que incidirá no último dia útil dos meses de maio e novembro de cada
ano.",1 dia,Renda Fixa,1000.0,0.45194048,Qualquer dia,3.0,1000.0,False
a0W6A00000AYsxUUAT,OCCAM FIC FIA,Qualquer dia,15 dias corridos,15 dias corridos,"Incidirá no momento do resgate, à alíquota de 15% sobre o lucro obtido.",17 dias,Renda Variável,5000.0,1.99007152,Qualquer dia,5.0,0.0,False
a0W6A00000AYtYZUA1,OCCAM LONG & SHORT PLUS FIC FIM,Qualquer dia,30 dias corridos,30 dias corridos,"Incidirá no momento do resgate, à alíquota de 15% sobre o lucro obtido.",32 dias,Renda Fixa,5000.0,2.48856439,Qualquer dia,5.0,1.0,False
a0W6A00000AYtxaUAD,OCCAM LONG BIASED FIC FIM,Qualquer dia,30 dias corridos,30 dias corridos,"Incidirá no momento do resgate, à alíquota de 15% sobre o lucro obtido.",32 dias,Renda Fixa,5000.0,3.32904854,Qualquer dia,5.0,1.0,False
a0W6A00000AYyGSUA1,OCCAM EQUITY HEDGE FIC FIM,Qualquer dia,14 dias corridos,14 dias corridos,"Tabela regressiva que
começa em 22,5% e chega em 15% após 2 anos. Sujeito a come-cotas, antecipação
de 15%, que incidirá no último dia útil dos meses de maio e novembro de cada
ano.",15 dias,Renda Fixa,5000.0,1.07437231,Qualquer dia,4.0,1.0,False
a0W6A00000AZ0GHUA1,OCCAM FUNDO DE INVESTIMENTO CAMBIAL,Qualquer dia,No dia,No dia,"Tabela regressiva que
começa em 22,5% e chega em 15% após 2 anos. Sujeito a come-cotas, antecipação
de 15%, que incidirá no último dia útil dos meses de maio e novembro de cada
ano.",1 dia,Renda Fixa,1000.0,5.90065601,Qualquer dia,4.0,0.0,False
a0W6A00000AZ1V0UAL,CLARITAS QUANT FIC FIM,Qualquer dia,15 dias corridos,15 dias corridos,"Tabela regressiva que
começa em 22,5% e chega em 15% após 2 anos. Sujeito a come-cotas, antecipação
de 15%, que incidirá no último dia útil dos meses de maio e novembro de cada
ano.",17 dias,Renda Fixa,10000.0,3.31820693,Qualquer dia,4.0,10000.0,False
a0W6A00000Aa3O2UAJ,GROU VALOR FIC FIA,Qualquer dia,1 dia útil,1 dia útil,"Incidirá no momento do resgate, à alíquota de 15% sobre o lucro obtido.",3 dias,Renda Variável,5000.0,3.95733238,Qualquer dia,5.0,5000.0,False
a0W6A00000Aa4IiUAJ,GROU ABSOLUTO FIC FIM,Qualquer dia,1 dia útil,1 dia útil,"Incidirá no momento do resgate, à alíquota de 15% sobre o lucro obtido.",3 dias,Renda Fixa,5000.0,3.91470988,Qualquer dia,5.0,5000.0,False
a0W6A00000Aa9KwUAJ,CONSTELLATION 60 FIC FIA,Qualquer dia,60 dias corridos,60 dias corridos,"Incidirá no momento do resgate, à alíquota de 15% sobre o lucro obtido.",62 dias,Renda Variável,50000.0,6.21672202,Qualquer dia,5.0,5000.0,False
a0W6A00000AcB3UUAV,PACIFICO MACRO FIC FIM,Qualquer dia,30 dias corridos,30 dias corridos,"Tabela regressiva que
começa em 22,5% e chega em 15% após 2 anos. Sujeito a come-cotas, antecipação
de 15%, que incidirá no último dia útil dos meses de maio e novembro de cada
ano.",31 dias,Renda Fixa,10000.0,0.36132011,Qualquer dia,4.0,5000.0,False
a0W6A00000AcB8eUAF,PACIFICO AÇÕES FIC FIA,Qualquer dia,15 dias corridos,15 dias corridos,"Incidirá no momento do resgate, à alíquota de 15% sobre o lucro obtido.",17 dias,Renda Variável,10000.0,5.6652665,Qualquer dia,5.0,5000.0,False
a0W6A00000AcuL0UAJ,PACIFICO LB FIC FIM,Qualquer dia,30 dias corridos,30 dias corridos,"Incidirá no momento do resgate, à alíquota de 15% sobre o lucro obtido.",32 dias,Renda Fixa,10000.0,3.4029447,Qualquer dia,5.0,5000.0,False
a0W6A00000AcuYxUAJ,MAUÁ CAPITAL AÇÕES FIC FIA,Qualquer dia,30 dias corridos,30 dias corridos,"Incidirá no momento do resgate, à alíquota de 15% sobre o lucro obtido.",32 dias,Renda Variável,1000.0,6.84132934,Qualquer dia,5.0,500.0,False
a0W6A00000AcujrUAB,MAUÁ MACRO FIC FIM,Qualquer dia,29 dias corridos,29 dias corridos,"Tabela regressiva que
começa em 22,5% e chega em 15% após 2 anos. Sujeito a come-cotas, antecipação
de 15%, que incidirá no último dia útil dos meses de maio e novembro de cada
ano.",30 dias,Renda Fixa,5000.0,1.97413391,Qualquer dia,5.0,5000.0,False
a0W6A00000Au1DBUAZ,BRASIL PLURAL YIELD FIRF REFERENCIADO DI,Qualquer dia,No dia,No dia,"Tabela regressiva que
começa em 22,5% e chega em 15% após 2 anos. Sujeito a come-cotas, antecipação
de 15%, que incidirá no último dia útil dos meses de maio e novembro de cada
ano.",No Dia,Renda Fixa,3000.0,0.4177962000000001,Qualquer dia,2.0,1.0,False
a0W6A00000Au2GSUAZ,BRASIL PLURAL HIGH YIELD FIRF CP,Qualquer dia,1 dia útil,1 dia útil,"Tabela regressiva que
começa em 22,5% e chega em 15% após 2 anos. Sujeito a come-cotas, antecipação
de 15%, que incidirá no último dia útil dos meses de maio e novembro de cada
ano.",1 dia,Renda Fixa,3000.0,0.44483624,Qualquer dia,3.0,100.0,False
a0W6A00000Au4EOUAZ,BRASIL PLURAL CRÉD CORP II FIC RF CP LP,Qualquer dia,45 dias corridos,45 dias corridos,"Tabela regressiva que
começa em 22,5% e chega em 15% após 2 anos. Sujeito a come-cotas, antecipação
de 15%, que incidirá no último dia útil dos meses de maio e novembro de cada
ano.",46 dias,Renda Fixa,3000.0,0.46652255,Qualquer dia,4.0,100.0,False
a0W6A00000Au4QWUAZ,BRASIL PLURAL DEBÊNTURES INCENTIVADAS 45,Qualquer dia,45 dias corridos,45 dias corridos,Isento do pagamento de imposto de renda.,46 dias,Renda Fixa,100.0,0.93308714,Qualquer dia,4.0,100.0,False
a0W6A00000Au4UiUAJ,BRASIL PLURAL DEBÊNTURES INCENTIVADAS HE,Qualquer dia,45 dias corridos,45 dias corridos,Isento do pagamento de imposto de renda.,46 dias,Renda Fixa,100.0,0.58752094,Qualquer dia,4.0,100.0,False
a0W6A00000Awa5YUAR,JGP MAX PLATAFORMAS FIC FIM,Qualquer dia,30 dias corridos,30 dias corridos,"Tabela regressiva que
começa em 22,5% e chega em 15% após 2 anos. Sujeito a come-cotas, antecipação
de 15%, que incidirá no último dia útil dos meses de maio e novembro de cada
ano.",31 dias,Renda Fixa,20000.0,0.54220002,Qualquer dia,4.0,5000.0,False
a0W6A00000AwaR2UAJ,IP PARTICIPAÇÕES IPG FIC FIA BDR NIVEL I,Qualquer dia,60 dias corridos,60 dias corridos,"Incidirá no momento do resgate, à alíquota de 15% sobre o lucro obtido.",62 dias,Renda Variável,1000.0,3.76360876,Qualquer dia,5.0,1000.0,False
a0W6A00000B1R9qUAF,TAVOLA LONG & SHORT FIM,Qualquer dia,5 dias corridos,5 dias corridos,"Tabela regressiva que
começa em 22,5% e chega em 15% após 2 anos. Sujeito a come-cotas, antecipação
de 15%, que incidirá no último dia útil dos meses de maio e novembro de cada
ano.",6 dias,Renda Fixa,10000.0,-0.32520604,Qualquer dia,3.0,5000.0,False
a0W6A00000BDZuYUAX,RPS FIC FIA SELECTION,Qualquer dia,30 dias corridos,30 dias corridos,"Incidirá no momento do resgate, à alíquota de 15% sobre o lucro obtido.",32 dias,Renda Variável,5000.0,0.17000716,Qualquer dia,5.0,5000.0,False
a0W6A00000BDaCYUA1,RPS LONG BIAS SELECTION D60 FIC FIA,Qualquer dia,60 dias corridos,60 dias corridos,"Incidirá no momento do resgate, à alíquota de 15% sobre o lucro obtido.",61 dias,Renda Variável,5000.0,1.05366497,Qualquer dia,5.0,1000.0,False
a0W6A00000BDcCFUA1,ALASKA BLACK FIC FIA - BDR NÍVEL I,Qualquer dia,30 dias corridos,30 dias corridos,"Incidirá no momento do resgate, à alíquota de 15% sobre o lucro obtido.",32 dias,Renda Variável,5000.0,0.77451047,Qualquer dia,5.0,5000.0,False
a0W6A00000BIy6eUAD,ALASKA BLACK INSTITUCIONAL FIA,Qualquer dia,30 dias corridos,30 dias corridos,"Incidirá no momento do resgate, à alíquota de 15% sobre o lucro obtido.",32 dias,Renda Variável,1000.0,4.12012252,Qualquer dia,5.0,1000.0,False
